-- MySQL dump 10.13  Distrib 5.6.24, for osx10.8 (x86_64)
--
-- Host: 127.0.0.1    Database: divn_2017
-- ------------------------------------------------------
-- Server version	5.6.21

/*!40101 SET @OLD_CHARACTER_SET_CLIENT=@@CHARACTER_SET_CLIENT */;
/*!40101 SET @OLD_CHARACTER_SET_RESULTS=@@CHARACTER_SET_RESULTS */;
/*!40101 SET @OLD_COLLATION_CONNECTION=@@COLLATION_CONNECTION */;
/*!40101 SET NAMES utf8 */;
/*!40103 SET @OLD_TIME_ZONE=@@TIME_ZONE */;
/*!40103 SET TIME_ZONE='+00:00' */;
/*!40014 SET @OLD_UNIQUE_CHECKS=@@UNIQUE_CHECKS, UNIQUE_CHECKS=0 */;
/*!40014 SET @OLD_FOREIGN_KEY_CHECKS=@@FOREIGN_KEY_CHECKS, FOREIGN_KEY_CHECKS=0 */;
/*!40101 SET @OLD_SQL_MODE=@@SQL_MODE, SQL_MODE='NO_AUTO_VALUE_ON_ZERO' */;
/*!40111 SET @OLD_SQL_NOTES=@@SQL_NOTES, SQL_NOTES=0 */;

--
-- Table structure for table `age_codes`
--

DROP TABLE IF EXISTS `age_codes`;
/*!40101 SET @saved_cs_client     = @@character_set_client */;
/*!40101 SET character_set_client = utf8 */;
CREATE TABLE `age_codes` (
  `code` varchar(4) NOT NULL,
  `text` varchar(15) NOT NULL,
  `order` int(11) DEFAULT NULL,
  PRIMARY KEY (`code`)
) ENGINE=InnoDB DEFAULT CHARSET=latin1;
/*!40101 SET character_set_client = @saved_cs_client */;

--
-- Dumping data for table `age_codes`
--

LOCK TABLES `age_codes` WRITE;
/*!40000 ALTER TABLE `age_codes` DISABLE KEYS */;
INSERT INTO `age_codes` VALUES ('0910','9-10',2),('1112','11-12',3),('1314','13-14',5),('1518','15-18',7),('UN08','8 & Under',1),('UN12','12 & Under',4),('UN14','14 & Under',6),('UN18','18 & Under',9),('UNOV','Open',8);
/*!40000 ALTER TABLE `age_codes` ENABLE KEYS */;
UNLOCK TABLES;

--
-- Table structure for table `age_groups`
--

DROP TABLE IF EXISTS `age_groups`;
/*!40101 SET @saved_cs_client     = @@character_set_client */;
/*!40101 SET character_set_client = utf8 */;
CREATE TABLE `age_groups` (
  `age` int(11) NOT NULL,
  `code` varchar(45) DEFAULT NULL,
  PRIMARY KEY (`age`)
) ENGINE=InnoDB DEFAULT CHARSET=latin1;
/*!40101 SET character_set_client = @saved_cs_client */;

--
-- Dumping data for table `age_groups`
--

LOCK TABLES `age_groups` WRITE;
/*!40000 ALTER TABLE `age_groups` DISABLE KEYS */;
INSERT INTO `age_groups` VALUES (3,'UN08'),(4,'UN08'),(5,'UN08'),(6,'UN08'),(7,'UN08'),(8,'UN08'),(9,'0910'),(10,'0910'),(11,'1112'),(12,'1112'),(13,'1314'),(14,'1314'),(15,'1518'),(16,'1518'),(17,'1518'),(18,'1518');
/*!40000 ALTER TABLE `age_groups` ENABLE KEYS */;
UNLOCK TABLES;

--
-- Table structure for table `all_star_times`
--

DROP TABLE IF EXISTS `all_star_times`;
/*!40101 SET @saved_cs_client     = @@character_set_client */;
/*!40101 SET character_set_client = utf8 */;
CREATE TABLE `all_star_times` (
  `event` int(11) NOT NULL,
  `time` float NOT NULL,
  PRIMARY KEY (`event`)
) ENGINE=InnoDB DEFAULT CHARSET=latin1;
/*!40101 SET character_set_client = @saved_cs_client */;

--
-- Dumping data for table `all_star_times`
--

LOCK TABLES `all_star_times` WRITE;
/*!40000 ALTER TABLE `all_star_times` DISABLE KEYS */;
INSERT INTO `all_star_times` VALUES (1,80),(2,81),(5,18.85),(6,19.2),(7,35.8),(8,36.35),(9,28.4),(10,31),(11,31.4),(12,32.7),(13,58),(14,64.6),(15,72.6),(16,77.6),(17,24),(18,24.45),(19,20.1),(20,20.4),(21,68),(22,75),(23,38.1),(24,39),(25,34.3),(26,36.3),(27,67),(28,74),(29,26),(30,26.6),(31,22.25),(32,22.25),(33,43.3),(34,43.4),(35,38.2),(36,41.2),(37,76.25),(38,85),(39,23.2),(40,23.4),(41,18.7),(42,18.6),(43,36.3),(44,37.2),(45,32),(46,34.1),(47,29.2),(48,33);
/*!40000 ALTER TABLE `all_star_times` ENABLE KEYS */;
UNLOCK TABLES;

--
-- Temporary view structure for view `div_eligible`
--

DROP TABLE IF EXISTS `div_eligible`;
/*!50001 DROP VIEW IF EXISTS `div_eligible`*/;
SET @saved_cs_client     = @@character_set_client;
SET character_set_client = utf8;
/*!50001 CREATE VIEW `div_eligible` AS SELECT 
 1 AS `swimmer`*/;
SET character_set_client = @saved_cs_client;

--
-- Temporary view structure for view `div_seed_times`
--

DROP TABLE IF EXISTS `div_seed_times`;
/*!50001 DROP VIEW IF EXISTS `div_seed_times`*/;
SET @saved_cs_client     = @@character_set_client;
SET character_set_client = utf8;
/*!50001 CREATE VIEW `div_seed_times` AS SELECT 
 1 AS `team`,
 1 AS `name`,
 1 AS `gender`,
 1 AS `age`,
 1 AS `distance`,
 1 AS `stroke_code`,
 1 AS `stroke`,
 1 AS `seed_time`*/;
SET character_set_client = @saved_cs_client;

--
-- Table structure for table `divisionals`
--

DROP TABLE IF EXISTS `divisionals`;
/*!40101 SET @saved_cs_client     = @@character_set_client */;
/*!40101 SET character_set_client = utf8 */;
CREATE TABLE `divisionals` (
  `team` varchar(6) NOT NULL,
  `start` varchar(8) NOT NULL,
  `end` varchar(8) NOT NULL,
  `score` float NOT NULL,
  `points` float NOT NULL
) ENGINE=InnoDB DEFAULT CHARSET=latin1;
/*!40101 SET character_set_client = @saved_cs_client */;

--
-- Dumping data for table `divisionals`
--

LOCK TABLES `divisionals` WRITE;
/*!40000 ALTER TABLE `divisionals` DISABLE KEYS */;
/*!40000 ALTER TABLE `divisionals` ENABLE KEYS */;
UNLOCK TABLES;

--
-- Table structure for table `dual_schedule`
--

DROP TABLE IF EXISTS `dual_schedule`;
/*!40101 SET @saved_cs_client     = @@character_set_client */;
/*!40101 SET character_set_client = utf8 */;
CREATE TABLE `dual_schedule` (
  `meet` int(11) NOT NULL,
  `week` int(11) NOT NULL,
  `home` int(11) NOT NULL,
  `away` int(11) NOT NULL,
  PRIMARY KEY (`meet`),
  UNIQUE KEY `meet_UNIQUE` (`meet`)
) ENGINE=InnoDB DEFAULT CHARSET=latin1;
/*!40101 SET character_set_client = @saved_cs_client */;

--
-- Dumping data for table `dual_schedule`
--

LOCK TABLES `dual_schedule` WRITE;
/*!40000 ALTER TABLE `dual_schedule` DISABLE KEYS */;
INSERT INTO `dual_schedule` VALUES (1,1,1,5),(2,1,2,4),(3,1,6,3),(4,2,3,1),(5,2,4,6),(6,2,5,2),(7,3,1,4),(8,3,2,6),(9,3,3,5),(10,4,2,3),(11,4,4,5),(12,4,6,1),(13,5,1,2),(14,5,3,4),(15,5,5,6);
/*!40000 ALTER TABLE `dual_schedule` ENABLE KEYS */;
UNLOCK TABLES;

--
-- Temporary view structure for view `event_seed_times`
--

DROP TABLE IF EXISTS `event_seed_times`;
/*!50001 DROP VIEW IF EXISTS `event_seed_times`*/;
SET @saved_cs_client     = @@character_set_client;
SET character_set_client = utf8;
/*!50001 CREATE VIEW `event_seed_times` AS SELECT 
 1 AS `swimmer`,
 1 AS `event`,
 1 AS `seed_time`*/;
SET character_set_client = @saved_cs_client;

--
-- Table structure for table `events`
--

DROP TABLE IF EXISTS `events`;
/*!40101 SET @saved_cs_client     = @@character_set_client */;
/*!40101 SET character_set_client = utf8 */;
CREATE TABLE `events` (
  `meet_type` enum('dual','relays','divisionals') NOT NULL,
  `number` int(11) NOT NULL,
  `relay` enum('Y','N') NOT NULL,
  `gender` char(1) NOT NULL,
  `distance` int(11) NOT NULL,
  `stroke` int(11) NOT NULL,
  `age` varchar(4) NOT NULL,
  PRIMARY KEY (`meet_type`,`number`)
) ENGINE=InnoDB DEFAULT CHARSET=latin1;
/*!40101 SET character_set_client = @saved_cs_client */;

--
-- Dumping data for table `events`
--

LOCK TABLES `events` WRITE;
/*!40000 ALTER TABLE `events` DISABLE KEYS */;
INSERT INTO `events` VALUES ('dual',1,'N','M',100,5,'UN12'),('dual',2,'N','F',100,5,'UN12'),('dual',3,'Y','M',200,7,'UNOV'),('dual',4,'Y','F',200,7,'UNOV'),('dual',5,'N','M',25,1,'UN08'),('dual',6,'N','F',25,1,'UN08'),('dual',7,'N','M',50,1,'0910'),('dual',8,'N','F',50,1,'0910'),('dual',9,'N','M',50,1,'1314'),('dual',10,'N','F',50,1,'1314'),('dual',11,'N','M',50,1,'1112'),('dual',12,'N','F',50,1,'1112'),('dual',13,'N','M',100,1,'1518'),('dual',14,'N','F',100,1,'1518'),('dual',15,'N','M',100,5,'1314'),('dual',16,'N','F',100,5,'1314'),('dual',17,'N','M',25,2,'UN08'),('dual',18,'N','F',25,2,'UN08'),('dual',19,'N','M',25,2,'0910'),('dual',20,'N','F',25,2,'0910'),('dual',21,'N','M',100,2,'1518'),('dual',22,'N','F',100,2,'1518'),('dual',23,'N','M',50,2,'1112'),('dual',24,'N','F',50,2,'1112'),('dual',25,'N','M',50,2,'1314'),('dual',26,'N','F',50,2,'1314'),('dual',27,'N','M',100,5,'1518'),('dual',28,'N','F',100,5,'1518'),('dual',29,'N','M',25,3,'UN08'),('dual',30,'N','F',25,3,'UN08'),('dual',31,'N','M',25,3,'0910'),('dual',32,'N','F',25,3,'0910'),('dual',33,'N','M',50,3,'1112'),('dual',34,'N','F',50,3,'1112'),('dual',35,'N','M',50,3,'1314'),('dual',36,'N','F',50,3,'1314'),('dual',37,'N','M',100,3,'1518'),('dual',38,'N','F',100,3,'1518'),('dual',39,'N','M',25,4,'UN08'),('dual',40,'N','F',25,4,'UN08'),('dual',41,'N','M',25,4,'0910'),('dual',42,'N','F',25,4,'0910'),('dual',43,'N','M',50,4,'1112'),('dual',44,'N','F',50,4,'1112'),('dual',45,'N','M',50,4,'1314'),('dual',46,'N','F',50,4,'1314'),('dual',47,'N','M',50,4,'1518'),('dual',48,'N','F',50,4,'1518'),('dual',49,'Y','M',175,6,'UN14'),('dual',50,'Y','F',175,6,'UN14'),('relays',1,'Y','M',175,6,'UN14'),('relays',2,'Y','F',175,6,'UN14'),('relays',3,'Y','X',200,6,'1518'),('relays',4,'Y','X',200,6,'1314'),('relays',5,'Y','X',100,6,'UN08'),('relays',6,'Y','X',200,6,'0910'),('relays',7,'Y','X',200,6,'1112'),('relays',8,'Y','M',200,7,'UNOV'),('relays',9,'Y','F',200,7,'UNOV'),('relays',10,'Y','M',100,7,'UN14'),('relays',11,'Y','F',100,7,'UN14'),('relays',12,'Y','M',100,7,'UN08'),('relays',13,'Y','F',100,7,'UN08'),('relays',14,'Y','M',100,7,'0910'),('relays',15,'Y','F',100,7,'0910'),('relays',16,'Y','X',200,7,'1518'),('relays',17,'Y','M',200,7,'1112'),('relays',18,'Y','F',200,7,'1112'),('relays',19,'Y','M',200,7,'1314'),('relays',20,'Y','F',200,7,'1314'),('relays',21,'Y','M',250,6,'UN18'),('relays',22,'Y','F',250,6,'UN18');
/*!40000 ALTER TABLE `events` ENABLE KEYS */;
UNLOCK TABLES;

--
-- Table structure for table `individual_results`
--

DROP TABLE IF EXISTS `individual_results`;
/*!40101 SET @saved_cs_client     = @@character_set_client */;
/*!40101 SET character_set_client = utf8 */;
CREATE TABLE `individual_results` (
  `meet` int(11) NOT NULL,
  `swimmer` varchar(12) NOT NULL,
  `event` int(11) NOT NULL,
  `heat` int(11) NOT NULL,
  `lane` int(11) NOT NULL,
  `seed` float DEFAULT NULL,
  `DQ` enum('Y','N') NOT NULL,
  `time` float DEFAULT NULL,
  `place` int(11) DEFAULT NULL,
  `points` float DEFAULT NULL,
  PRIMARY KEY (`meet`,`swimmer`,`event`)
) ENGINE=InnoDB DEFAULT CHARSET=latin1;
/*!40101 SET character_set_client = @saved_cs_client */;

--
-- Dumping data for table `individual_results`
--

LOCK TABLES `individual_results` WRITE;
/*!40000 ALTER TABLE `individual_results` DISABLE KEYS */;
INSERT INTO `individual_results` VALUES (1,'010206JAI*GU',11,1,3,61.58,'N',56.65,8,0),(1,'010406TRIABO',12,2,1,48.25,'N',47.47,8,0),(1,'010406TRIABO',24,1,1,59,'N',56.17,6,0),(1,'010406TRIABO',44,1,1,57.28,'N',56.04,6,0),(1,'011210EMM*GR',5,1,3,41.96,'N',37.94,8,0),(1,'011210EMM*GR',29,1,1,NULL,'Y',NULL,NULL,NULL),(1,'011905JOSPGR',9,2,1,41.75,'N',39.53,9,0),(1,'011905JOSPGR',15,1,3,NULL,'Y',NULL,NULL,NULL),(1,'011905JOSPGR',35,1,3,56.59,'N',55.87,4,2),(1,'011905JOSPGR',45,1,5,48.89,'N',47.25,5,1),(1,'011905RIE*WA',9,1,3,43.66,'N',41.77,10,0),(1,'011905RIE*WA',25,1,5,51.19,'N',48.45,5,1),(1,'011905RIE*WA',35,1,5,59.25,'N',58.41,5,1),(1,'012603ELL*DE',10,2,2,33.72,'N',33.78,1,6),(1,'012603ELL*DE',16,1,4,89.09,'N',89.02,3,3),(1,'012603ELL*DE',26,1,4,41.25,'N',39.93,2,4),(1,'012603ELL*DE',36,1,4,46.25,'N',46.34,3,3),(1,'012705TYLJCO',1,1,3,88.87,'N',84.93,2,4),(1,'012705TYLJCO',11,2,3,31.47,'N',31.37,1,6),(1,'012705TYLJCO',23,1,3,43.66,'N',42.21,2,4),(1,'012705TYLJCO',43,1,3,39.51,'N',38.97,1,6),(1,'012709TIMJRI',5,1,2,NULL,'N',21.85,1,6),(1,'012709TIMJRI',17,1,6,NULL,'N',30.01,1,6),(1,'012709TIMJRI',39,1,2,NULL,'N',36.75,1,6),(1,'012802LERAWA',22,1,1,102.2,'N',102.39,6,0),(1,'012802LERAWA',28,1,3,101.5,'N',104.47,6,0),(1,'012802LERAWA',38,1,5,NULL,'N',129.65,5,1),(1,'012802LERAWA',48,1,3,43.9,'N',46.15,6,0),(1,'013001SAR*GR',14,2,6,77.47,'N',76.15,3,3),(1,'013001SAR*GR',38,1,6,110.28,'N',104.69,2,4),(1,'013001SAR*GR',48,1,2,42.11,'N',39.97,1,6),(1,'013108ABIGAJ',8,1,4,46.97,'N',46.63,7,0),(1,'013108ABIGAJ',20,1,6,26.97,'N',24.01,2,4),(1,'020607SAMDFI',8,2,2,44.13,'N',45.32,3,2.5),(1,'020607SAMDFI',20,1,2,26.22,'N',24.14,3,3),(1,'020607SAMDFI',42,1,6,25.78,'N',24.41,3,3),(1,'020910MAD*MA',6,1,5,34.58,'N',36.27,11,0),(1,'020910MAD*MA',30,1,1,46.47,'N',43.2,6,0),(1,'021209ETH*RO',5,2,2,30.9,'N',29.71,4,2),(1,'021209ETH*RO',17,1,2,51.87,'N',51.89,5,1),(1,'021209ETH*RO',29,1,4,NULL,'Y',NULL,NULL,NULL),(1,'021304JAK*ES',9,2,5,35.69,'N',36.02,8,0),(1,'021304JAK*ES',15,1,5,NULL,'N',99.4,4,2),(1,'021410THO*SZ',5,2,3,29.99,'N',31.67,5,1),(1,'021410THO*SZ',29,1,3,38.4,'Y',NULL,NULL,NULL),(1,'021410THO*SZ',39,1,5,NULL,'N',45.65,3,3),(1,'021605ANN*SC',2,1,4,97.03,'N',94.96,1,6),(1,'021605ANN*SC',24,1,4,44.58,'N',44.32,1,6),(1,'021605ANN*SC',34,1,2,51,'N',51.34,3,3),(1,'021605ANN*SC',44,1,4,45.71,'N',43.85,1,6),(1,'022203ANYRBI',10,2,5,40.65,'N',40.95,8,0),(1,'022203ANYRBI',16,1,1,103.63,'N',101.23,6,0),(1,'022203ANYRBI',26,1,5,47.5,'N',46.57,4,2),(1,'022310ARI*SA',6,2,1,25.79,'N',25.95,4,2),(1,'022310ARI*SA',30,1,5,37.94,'N',37.97,4,2),(1,'022606DOM*FL',11,2,6,NULL,'N',46.23,7,0),(1,'022606DOM*FL',23,1,2,NULL,'N',58.91,5,1),(1,'022606DOM*FL',33,1,2,NULL,'Y',NULL,NULL,NULL),(1,'022608MAS*GA',19,1,3,22.35,'N',21.55,2,4),(1,'022608MAS*GA',31,1,3,27.46,'N',26.86,1,6),(1,'022608MAS*GA',41,1,5,25.94,'N',29.02,5,1),(1,'022805RACCRE',2,1,5,101.6,'N',98.89,2,4),(1,'022805RACCRE',24,1,3,48.14,'N',47.41,2,4),(1,'022805RACCRE',34,1,3,49.91,'N',49.66,2,4),(1,'022805RACCRE',44,1,3,45.69,'N',43.89,2,4),(1,'030907JONDRI',7,1,6,NULL,'N',43.92,4,2),(1,'030907JONDRI',19,1,6,NULL,'N',27.85,4,2),(1,'030907JONDRI',41,1,6,NULL,'N',26.7,4,2),(1,'030999MERLMU',14,2,3,81.78,'N',75.06,2,4),(1,'030999MERLMU',22,1,5,102.03,'N',95.13,4,2),(1,'030999MERLMU',28,1,1,NULL,'N',90.74,3,3),(1,'030999MERLMU',48,1,1,NULL,'N',40.88,3,3),(1,'031299WILTQU',21,1,1,99.88,'N',92.44,3,3),(1,'031299WILTQU',27,1,5,NULL,'N',85.45,2,4),(1,'031299WILTQU',37,1,5,102.01,'N',98.51,1,6),(1,'031299WILTQU',47,1,5,NULL,'N',41.1,4,2),(1,'031506SACRBI',1,1,5,106.38,'N',104.36,5,1),(1,'031506SACRBI',23,1,1,49.86,'N',55.3,4,2),(1,'031506SACRBI',33,1,1,52.97,'Y',NULL,NULL,NULL),(1,'031506SACRBI',43,1,5,54.27,'Y',NULL,NULL,NULL),(1,'031808XAV*MA',7,2,1,62.72,'N',63.67,8,0),(1,'032110CARAKL',6,2,4,24.25,'N',22.31,1,6),(1,'032110CARAKL',18,1,4,29.64,'N',29.02,2,4),(1,'032110CARAKL',40,1,4,35.6,'N',34.59,4,2),(1,'032505YEN*TR',11,2,2,48.88,'N',45.75,6,0),(1,'032505YEN*TR',23,1,6,NULL,'N',63.26,6,0),(1,'032505YEN*TR',33,1,4,54.95,'N',55.78,4,2),(1,'040103ANG*NA',9,2,4,27.98,'N',27.57,1,6),(1,'040103ANG*NA',15,1,4,68.77,'N',68.34,1,6),(1,'040103ANG*NA',25,1,4,33.38,'N',32.52,1,6),(1,'040103ANG*NA',35,1,4,35.21,'N',35.4,1,6),(1,'040207HAN*DO',8,2,4,41.62,'N',39.59,1,6),(1,'040207HAN*DO',32,1,2,27.76,'N',25.53,1,6),(1,'040207HAN*DO',42,1,4,23.75,'N',21.4,1,6),(1,'040801BRI*DE',14,2,4,72.22,'N',72.72,1,6),(1,'040801BRI*DE',22,1,4,85.2,'N',85.32,1,6),(1,'040801BRI*DE',28,1,4,86.79,'N',88.44,1,6),(1,'040801BRI*DE',38,1,2,108.18,'N',111.83,3,3),(1,'041210ELLCCE',6,1,4,36.41,'N',34.51,10,0),(1,'041210ELLCCE',18,1,6,41.31,'N',41.74,5,1),(1,'041210ELLCCE',30,1,4,37.96,'N',39.45,5,1),(1,'041905CLA*VA',2,1,2,101.84,'N',100.87,4,2),(1,'041905CLA*VA',12,2,6,40.69,'N',39.72,4,2),(1,'041905CLA*VA',34,1,4,49.57,'N',49.52,1,6),(1,'042302NIC*SA',13,1,4,66.73,'N',66.31,2,4),(1,'042302NIC*SA',21,1,4,75.21,'N',73.4,1,6),(1,'042302NIC*SA',27,1,4,79.31,'N',78.25,1,6),(1,'042302NIC*SA',47,1,4,34.67,'N',33.63,2,4),(1,'050603MAT*TO',9,1,2,35.76,'N',35.94,7,0),(1,'050603MAT*TO',25,1,6,45.2,'N',46.59,4,2),(1,'050903COL*BO',9,2,6,31.34,'N',31.07,4,2),(1,'050903COL*BO',15,1,6,87.9,'Y',NULL,NULL,NULL),(1,'050903COL*BO',25,1,2,43.18,'N',42.32,3,3),(1,'050903COL*BO',45,1,2,40.47,'N',40.31,3,3),(1,'052599SAM*BR',13,1,3,69.16,'N',64.58,1,6),(1,'052599SAM*BR',21,1,3,88.78,'N',82.95,2,4),(1,'052599SAM*BR',47,1,3,31.69,'N',30.56,1,6),(1,'052801IRE*NA',22,1,6,91.67,'N',89.89,3,3),(1,'052801IRE*NA',28,1,6,90.78,'N',90.97,4,2),(1,'052801IRE*NA',38,1,4,105.58,'N',104.57,1,6),(1,'052801IRE*NA',48,1,6,44.14,'N',42.41,4,2),(1,'052808KYL*LI',7,2,5,58.94,'N',68.91,9,0),(1,'052808KYL*LI',31,1,5,35.78,'N',31.88,4,2),(1,'052808KYL*LI',41,1,1,36.91,'N',31.77,6,0),(1,'053007CAL*HU',7,1,2,66.26,'N',62.19,7,0),(1,'053007CAL*HU',31,1,6,NULL,'N',36.5,5,1),(1,'060208NATRFL',6,1,2,NULL,'N',27.91,8,0),(1,'060208NATRFL',30,1,6,NULL,'N',37.38,3,3),(1,'060208NATRFL',40,1,2,NULL,'N',32.96,3,3),(1,'060403LAUJSE',10,2,3,34.64,'N',34.32,3,3),(1,'060403LAUJSE',16,1,5,89.44,'N',86.13,2,4),(1,'060403LAUJSE',36,1,5,43.65,'N',42.18,2,4),(1,'060403LAUJSE',46,1,5,39.94,'N',39.18,3,3),(1,'060505GARQHE',11,2,5,38.03,'N',37.89,3,3),(1,'060505GARQHE',23,1,5,47.15,'N',46.09,3,3),(1,'060505GARQHE',33,1,3,50.33,'N',47.64,1,6),(1,'060606NAO*ES',2,1,1,NULL,'N',108.07,6,0),(1,'060606NAO*ES',8,2,3,42.89,'N',42,2,4),(1,'061405JOR*LY',2,1,6,103.25,'N',99.7,3,3),(1,'061405JOR*LY',12,2,4,38.34,'N',36.81,1,6),(1,'061405JOR*LY',34,1,6,53.1,'N',51.45,4,2),(1,'061405JOR*LY',44,1,2,47.43,'N',46.1,3,3),(1,'061405SIE*LY',12,1,6,45.68,'N',42.9,7,0),(1,'061806SAM*BA',8,1,2,51.31,'N',50.31,10,0),(1,'061806SAM*BA',32,1,6,29.63,'N',29.69,6,0),(1,'061806SAM*BA',42,1,2,25.15,'N',24.09,2,4),(1,'062007ANY*TO',8,2,1,47.31,'N',45.54,5,1),(1,'062007ANY*TO',20,1,3,25.41,'N',25.89,4,2),(1,'062007ANY*TO',42,1,3,27.72,'N',25.76,4,2),(1,'062406TIM*TO',7,2,2,40.95,'N',39.44,2,4),(1,'062406TIM*TO',31,1,4,28.9,'N',27.59,2,4),(1,'062406TIM*TO',41,1,2,24.08,'N',20.5,2,4),(1,'070207EMR*WR',7,1,3,65.77,'N',72.82,10,0),(1,'070207EMR*WR',19,1,1,32.9,'Y',NULL,NULL,NULL),(1,'070908SYDLVA',6,2,6,34.03,'N',26.82,7,0),(1,'071905PAILSM',12,1,4,41.07,'N',40.03,5,1),(1,'071905PAILSM',24,1,2,51.83,'N',52.64,5,1),(1,'072700CHRMJO',14,1,4,94.89,'N',91.72,7,0),(1,'080204OLIKFI',12,2,2,40.02,'N',39.31,3,3),(1,'080806JAN*LE',8,2,6,46.44,'N',45.32,3,2.5),(1,'080806JAN*LE',20,1,4,25.83,'N',23.69,1,6),(1,'080806JAN*LE',32,1,4,26.58,'N',26.15,3,3),(1,'080907OLISRE',8,1,5,50.87,'N',49.97,9,0),(1,'080907OLISRE',32,1,1,30.25,'N',29.26,5,1),(1,'090106EMIKTE',8,1,1,56.22,'N',57.37,12,0),(1,'090106EMIKTE',20,1,5,27.89,'N',26.53,5,1),(1,'090106EMIKTE',32,1,5,27.82,'N',27.23,4,2),(1,'090107BRYGRO',8,2,5,46.76,'N',46.5,6,0),(1,'090107BRYGRO',32,1,3,27.77,'N',25.98,2,4),(1,'090107BRYGRO',42,1,5,28.15,'N',26.26,5,1),(1,'090308CAT*BU',6,1,3,26.46,'N',24.65,2,4),(1,'090308CAT*BU',18,1,3,27.07,'N',27.39,1,6),(1,'090308CAT*BU',30,1,3,30.67,'N',31.91,1,6),(1,'090800KAY*BO',14,2,2,73.46,'N',77.71,4,2),(1,'090800KAY*BO',22,1,2,88.15,'N',88.65,2,4),(1,'090800KAY*BO',28,1,2,86.82,'N',88.93,2,4),(1,'090800KAY*BO',48,1,4,40.82,'N',40.63,2,4),(1,'090902SAR*KE',10,2,4,33.44,'N',34.21,2,4),(1,'090902SAR*KE',16,1,2,96.01,'N',94.88,4,2),(1,'090902SAR*KE',36,1,2,47.01,'N',46.97,4,2),(1,'090902SAR*KE',46,1,4,39.13,'N',38.32,2,4),(1,'091009SAM*RO',6,2,5,25.4,'N',26.14,5,1),(1,'091009SAM*RO',18,1,1,34.77,'Y',NULL,NULL,NULL),(1,'091009SAM*RO',40,1,5,37.21,'N',29.95,1,6),(1,'091303ELL*ST',10,1,4,39.64,'N',38.4,5,1),(1,'091303ELL*ST',26,1,6,58.23,'N',54.78,6,0),(1,'091303ELL*ST',36,1,6,55.52,'N',54.19,6,0),(1,'091409FINSSM',5,1,4,52.59,'N',39.25,9,0),(1,'092108ISA*TR',6,2,3,24.84,'N',24.95,3,3),(1,'092108ISA*TR',18,1,5,32.19,'N',32.56,3,3),(1,'092108ISA*TR',40,1,3,31.65,'N',30.3,2,4),(1,'092309DEC*HU',5,2,6,40.56,'N',42.83,10,0),(1,'092309DEC*HU',29,1,2,NULL,'N',41.4,1,6),(1,'092702NIC*VA',9,1,6,NULL,'N',32.88,5,1),(1,'100909CHA*TE',5,2,5,33.1,'N',34,7,0),(1,'100909CHA*TE',17,1,1,53.66,'N',43.64,3,3),(1,'101000LEXGZI',14,2,1,91.88,'N',85.37,6,0),(1,'101000LEXGZI',28,1,5,NULL,'N',98.75,5,1),(1,'101000LEXGZI',38,1,3,NULL,'N',113.46,4,2),(1,'101000LEXGZI',48,1,5,NULL,'N',43.89,5,1),(1,'101002MER*HE',10,1,3,NULL,'N',38.9,6,0),(1,'101002MER*HE',26,1,1,NULL,'N',53.87,5,1),(1,'101002MER*HE',36,1,1,NULL,'N',52.5,5,1),(1,'101206BRADKH',7,2,6,53.64,'N',50.37,5,1),(1,'101604MADRKH',12,1,2,42.92,'N',42.25,6,0),(1,'101604MADRKH',24,1,6,NULL,'N',48.99,3,3),(1,'101604MADRKH',44,1,6,NULL,'N',50.39,5,1),(1,'101810ALE*RE',6,1,1,36.88,'N',31.51,9,0),(1,'101810ALE*RE',40,1,1,43.26,'Y',NULL,NULL,NULL),(1,'102003CAR*LE',10,2,6,35.07,'N',35.91,4,2),(1,'102003CAR*LE',16,1,6,96.51,'N',95.42,5,1),(1,'102003CAR*LE',26,1,2,44.63,'N',45.01,3,3),(1,'102003CAR*LE',46,1,2,42.13,'N',43.14,4,2),(1,'102208LOR*RI',5,2,1,33.19,'N',33.11,6,0),(1,'102208LOR*RI',17,1,3,41.78,'Y',NULL,NULL,NULL),(1,'102208LOR*RI',39,1,3,NULL,'Y',NULL,NULL,NULL),(1,'102308CHAZSC',5,2,4,25.9,'N',24.02,2,4),(1,'102308CHAZSC',17,1,4,34.07,'N',34.06,2,4),(1,'102308CHAZSC',39,1,4,40.85,'N',38.19,2,4),(1,'102400GRACHE',14,2,5,85.75,'N',84.75,5,1),(1,'102400GRACHE',22,1,3,99.63,'N',97.53,5,1),(1,'102404JAC*DE',1,1,6,NULL,'N',99.44,4,2),(1,'102404JAC*DE',11,1,4,NULL,'N',39.75,4,2),(1,'102404JAC*DE',33,1,6,NULL,'N',52.77,2,4),(1,'102404JAC*DE',43,1,2,NULL,'Y',NULL,NULL,NULL),(1,'102799COL*DO',13,1,2,78.42,'N',73.27,3,3),(1,'102799COL*DO',27,1,6,NULL,'N',86.39,3,3),(1,'102799COL*DO',37,1,2,113.28,'N',108.31,3,3),(1,'102799COL*DO',47,1,2,44.15,'N',40.37,3,3),(1,'103102ELL*ES',10,2,1,43.28,'N',40.19,7,0),(1,'110308CLASKH',6,2,2,28.51,'N',26.65,6,0),(1,'110308CLASKH',18,1,2,37.11,'N',37.22,4,2),(1,'110308CLASKH',30,1,2,NULL,'N',32.71,2,4),(1,'110402MIKBFE',9,2,3,31.9,'N',30.58,3,3),(1,'110402MIKBFE',15,1,1,NULL,'N',80.6,2,4),(1,'110402MIKBFE',25,1,3,39.74,'N',36.38,2,4),(1,'110402MIKBFE',45,1,3,42,'N',34.14,2,4),(1,'110508DEN*WR',5,1,5,NULL,'N',28.58,3,3),(1,'110699COD*MO',13,1,6,80.38,'N',76.16,4,2),(1,'110699COD*MO',21,1,2,104.48,'N',99.22,4,2),(1,'110699COD*MO',27,1,2,96.96,'N',91.22,4,2),(1,'110699COD*MO',37,1,4,112.72,'N',107.14,2,4),(1,'111207KHA*TR',7,1,4,58.59,'N',53.82,6,0),(1,'111207KHA*TR',19,1,2,30.53,'N',32.07,5,1),(1,'111207KHA*TR',31,1,2,32.37,'N',31.14,3,3),(1,'112106DAVISE',1,1,1,121.5,'N',117.24,6,0),(1,'112106DAVISE',7,2,3,42.89,'N',40.77,3,3),(1,'112106DAVISE',19,1,5,26.73,'N',26.57,3,3),(1,'112106DAVISE',41,1,3,24.55,'N',20.73,3,3),(1,'112704SEA*DO',1,1,4,85.64,'N',83.78,1,6),(1,'112704SEA*DO',11,2,4,34.03,'N',32.02,2,4),(1,'112704SEA*DO',23,1,4,43.69,'N',39.88,1,6),(1,'112704SEA*DO',43,1,4,41,'N',39.95,2,4),(1,'120206AND*KL',1,1,2,85.88,'N',88.2,3,3),(1,'120206AND*KL',7,2,4,34.69,'N',34.97,1,6),(1,'120206AND*KL',19,1,4,18.63,'N',19.33,1,6),(1,'120206AND*KL',41,1,4,17.85,'N',17.77,1,6),(1,'120503NIC*SZ',16,1,3,76.53,'N',76.7,1,6),(1,'120503NIC*SZ',26,1,3,35.7,'N',36.03,1,6),(1,'120503NIC*SZ',36,1,3,40.94,'N',40.81,1,6),(1,'120503NIC*SZ',46,1,3,35.25,'N',35.15,1,6),(1,'120504SARANA',2,1,3,100.7,'N',101.58,5,1),(1,'120504SARANA',12,2,3,39,'N',37.81,2,4),(1,'120504SARANA',24,1,5,53.24,'N',50.56,4,2),(1,'120504SARANA',44,1,5,49.94,'N',46.57,4,2),(1,'120810PET*BU',17,1,5,44.66,'N',44.33,4,2),(1,'120810PET*BU',29,1,5,51.5,'N',54.28,2,4),(1,'120810PET*BU',39,1,1,NULL,'Y',NULL,NULL,NULL),(1,'121806ELITGR',8,1,3,49.83,'N',48.45,8,0),(1,'121806ELITGR',20,1,1,28.25,'N',27.65,6,0),(1,'121806ELITGR',42,1,1,32.69,'N',31.14,6,0),(1,'122003LUCMFA',9,1,4,33.76,'N',34.09,6,0),(1,'122003LUCMFA',35,1,6,49.11,'N',46.52,3,3),(1,'122003LUCMFA',45,1,6,43.69,'N',40.96,4,2),(1,'122007ZOIEGR',8,1,6,NULL,'N',50.72,11,0),(1,'122204FEL*LE',11,2,1,45.35,'N',43.75,5,1),(1,'122204FEL*LE',33,1,5,52.94,'N',55.65,3,3),(1,'122204FEL*LE',43,1,1,59.08,'N',60.98,3,3),(1,'122705ELIAMA',12,2,5,48.06,'N',47.96,9,0),(1,'122705ELIAMA',34,1,5,58.81,'N',57.01,5,1),(1,'123002BRO*DO',9,2,2,29.17,'N',30.06,2,4),(1,'123002BRO*DO',15,1,2,80.27,'N',80.91,3,3),(1,'123002BRO*DO',35,1,2,39.72,'N',39.52,2,4),(1,'123002BRO*DO',45,1,4,33.5,'N',33.64,1,6),(2,'010303ARR*MA',9,1,6,42.64,'N',41.66,7,0),(2,'010303ARR*MA',35,1,4,45.73,'N',44.13,1,6),(2,'010303CAMMPA',10,1,2,45.32,'N',44.78,12,0),(2,'010303CAMMPA',26,1,6,63.57,'N',60.06,6,0),(2,'010303CAMMPA',36,1,6,51.6,'N',50.9,5,1),(2,'011207AXEFBA',7,2,6,41.49,'N',42.44,5,1),(2,'011207AXEFBA',31,1,2,25.62,'N',24.5,1,6),(2,'011308NAT*LE',7,2,1,52.5,'N',53.16,10,0),(2,'011308NAT*LE',19,1,5,32.04,'N',33.08,6,0),(2,'011705MIG*AV',11,1,4,49.88,'N',47.89,10,0),(2,'011705MIG*AV',23,1,2,63.74,'N',64.26,4,2),(2,'011705MIG*AV',43,1,2,64.12,'N',64.9,5,1),(2,'012203ALLKWO',10,2,3,31.31,'N',30.84,1,6),(2,'012203ALLKWO',16,1,3,74.38,'N',73.31,1,6),(2,'012203ALLKWO',26,1,3,34.54,'N',34.22,1,6),(2,'012203ALLKWO',46,1,3,34.95,'N',35.46,1,6),(2,'012308ALE*CH',1,1,2,100.38,'N',105.12,4,2),(2,'012308ALE*CH',7,2,2,41.08,'N',42.07,3,3),(2,'012308ALE*CH',19,1,4,22.76,'N',21.56,3,3),(2,'012308ALE*CH',31,1,4,24.29,'N',24.83,2,4),(2,'012503HRI*TA',10,1,4,41.96,'N',41.61,9,0),(2,'013100JUA*RA',13,2,4,64.9,'N',59.47,2,4),(2,'013100JUA*RA',21,1,4,77.39,'N',70.78,2,4),(2,'013100JUA*RA',27,1,4,74.74,'N',67.88,1,6),(2,'013100JUA*RA',47,1,4,31.22,'N',28.52,1,6),(2,'020503SUB*SU',9,1,2,37.92,'N',36.48,5,1),(2,'020503SUB*SU',15,1,6,97.48,'N',96.88,4,2),(2,'020503SUB*SU',35,1,2,49.49,'N',47.82,2,4),(2,'021403AME*CA',10,2,5,35.78,'N',36.26,3,3),(2,'021403AME*CA',16,1,5,88.59,'N',93.83,3,3),(2,'021403AME*CA',36,1,5,48.68,'N',50.02,4,2),(2,'021403AME*CA',46,1,5,42.31,'N',44.87,3,3),(2,'022100LOG*CO',13,2,3,59.78,'N',58.76,1,6),(2,'022100LOG*CO',21,1,3,68.06,'N',67.47,1,6),(2,'022100LOG*CO',27,1,3,68.97,'N',68.27,2,4),(2,'022100LOG*CO',37,1,5,80.12,'N',82.69,2,4),(2,'022607ALIAJO',8,2,2,56.34,'N',53.18,3,3),(2,'022607ALIAJO',20,1,2,30.48,'N',28.95,2,4),(2,'030601GRA*CA',14,1,5,86.5,'N',82.95,7,0),(2,'030601GRA*CA',22,1,1,103.13,'Y',NULL,NULL,NULL),(2,'030601GRA*CA',38,1,5,96.45,'N',99.7,3,3),(2,'030901JACMGE',13,1,4,79.08,'N',77.45,9,0),(2,'030901JACMGE',27,1,2,88.59,'N',84.07,5,1),(2,'030901JACMGE',37,1,6,98.71,'N',95.58,4,2),(2,'030901JACMGE',47,1,2,36.91,'N',34.58,3,3),(2,'031801MAR*WE',13,2,1,63,'N',65.89,5,1),(2,'031801MAR*WE',37,1,1,83.69,'N',89.9,3,3),(2,'031801MAR*WE',47,1,5,34.19,'N',39.08,4,2),(2,'031900ANNIMA',14,2,2,82.57,'N',80.46,6,0),(2,'031900ANNIMA',28,1,2,100.89,'N',95.59,5,1),(2,'031900ANNIMA',38,1,4,97.54,'N',93.87,2,4),(2,'031900ANNIMA',48,1,2,44.74,'N',47.44,5,1),(2,'032111DEGNRA',5,2,2,40.59,'N',41.68,8,0),(2,'032111DEGNRA',17,1,6,56.47,'N',50.34,6,0),(2,'032208ANT*UR',7,1,5,NULL,'N',51.46,9,0),(2,'032208ANT*UR',31,1,5,36.25,'N',33.38,5,1),(2,'032601CARMKI',14,2,6,NULL,'N',96.32,8,0),(2,'032601CARMKI',28,1,6,NULL,'N',113.9,6,0),(2,'032601CARMKI',38,1,2,NULL,'N',117.26,5,1),(2,'032601CARMKI',48,1,6,NULL,'N',59.7,6,0),(2,'032707JOH*CA',1,1,5,93.53,'N',95.39,2,4),(2,'032707JOH*CA',7,2,3,38.03,'N',38.39,1,6),(2,'032707JOH*CA',19,1,3,20.46,'N',20.58,1,6),(2,'032707JOH*CA',41,1,3,20.16,'N',19.27,2,4),(2,'032906PETWSO',11,2,6,49.33,'N',46.06,7,0),(2,'032906PETWSO',23,1,6,65.59,'N',66.49,5,1),(2,'032906PETWSO',33,1,6,60.04,'N',60.34,5,1),(2,'032906WILDJA',11,1,6,53.14,'N',49.76,12,0),(2,'040909BRA*WO',6,1,5,37.06,'N',28.08,2,4),(2,'040909BRA*WO',18,1,3,36.65,'N',38.83,3,3),(2,'040909BRA*WO',40,1,1,NULL,'Y',NULL,NULL,NULL),(2,'041810DIM*RE',5,1,5,36,'N',31.05,5,1),(2,'041810DIM*RE',17,1,3,33.37,'N',36.51,4,2),(2,'041810DIM*RE',29,1,3,NULL,'Y',NULL,NULL,NULL),(2,'041810IOA*RE',5,1,3,32.1,'N',32.16,6,0),(2,'041810IOA*RE',17,1,5,38.69,'N',36.01,2,4),(2,'042106LANJHE',12,2,6,41.2,'N',38.53,2,4),(2,'042401MAY*WI',14,2,1,69.57,'N',74.01,4,2),(2,'042401MAY*WI',22,1,5,83.07,'N',83.94,3,3),(2,'042401MAY*WI',28,1,1,84.35,'N',88,4,2),(2,'042401MAY*WI',38,1,1,102.75,'N',105.03,4,2),(2,'042705GEO*OH',11,1,3,46.66,'N',44.28,6,0),(2,'042705GEO*OH',33,1,3,68.44,'N',70.3,6,0),(2,'042808SHR*GH',7,1,2,46.59,'N',42.53,6,0),(2,'042808SHR*GH',31,1,6,26.71,'N',26.91,3,3),(2,'042808SHR*GH',41,1,6,23.25,'N',23.24,4,2),(2,'043007RYA*PA',7,1,4,44.11,'N',42.21,4,2),(2,'043007RYA*PA',19,1,6,24.67,'N',26.65,4,2),(2,'043007RYA*PA',41,1,2,21.98,'N',21.35,3,3),(2,'043009MAR*LY',6,1,3,32.03,'N',30.33,6,0),(2,'043009MAR*LY',30,1,1,NULL,'Y',NULL,NULL,NULL),(2,'043009MAR*LY',40,1,5,44.75,'Y',NULL,NULL,NULL),(2,'051507SYD*DI',8,2,5,54.51,'N',53.39,4,2),(2,'051507SYD*DI',20,1,5,38.19,'N',37.94,3,3),(2,'051507SYD*DI',42,1,5,33.22,'N',30.9,3,3),(2,'051509JOCNCA',6,2,4,32.01,'N',33.16,7,0),(2,'051509JOCNCA',18,1,2,46.78,'N',46.46,4,2),(2,'051606LOG*WA',11,1,5,50.67,'N',47.77,9,0),(2,'051606LOG*WA',33,1,1,NULL,'N',59.14,4,2),(2,'051606LOG*WA',43,1,3,NULL,'N',65.51,6,0),(2,'051907EMM*ST',2,1,5,119.4,'N',117.17,6,0),(2,'051907EMM*ST',8,2,3,45.84,'N',44,1,6),(2,'051907EMM*ST',32,1,3,28.54,'N',26.58,1,6),(2,'051907EMM*ST',42,1,3,26.57,'N',25.44,2,4),(2,'052101ZEEMAN',13,2,6,77.85,'N',77.29,8,0),(2,'052101ZEEMAN',27,1,6,88.62,'N',88.77,6,0),(2,'052101ZEEMAN',37,1,4,98.25,'N',97.64,5,1),(2,'052101ZEEMAN',47,1,6,40.38,'N',40.43,5,1),(2,'052401JUL*MA',14,2,5,69.21,'N',70.62,3,3),(2,'052401JUL*MA',28,1,5,78.01,'N',79.77,3,3),(2,'052401JUL*MA',38,1,3,86.16,'N',90.84,1,6),(2,'052401JUL*MA',48,1,1,37.91,'N',37.51,4,2),(2,'052905AMA*MI',10,1,1,57.09,'N',43.1,11,0),(2,'052905AMA*MI',26,1,1,NULL,'N',59.2,5,1),(2,'052908CRI*GA',7,2,5,50.19,'N',48.1,7,0),(2,'052908CRI*GA',31,1,3,34.32,'N',30.69,4,2),(2,'052908CRI*GA',41,1,5,30.29,'N',29.42,6,0),(2,'053006ALEJGR',9,2,3,48.43,'N',47.38,8,0),(2,'053006ALEJGR',25,1,3,54.13,'N',52.9,5,1),(2,'053006ALEJGR',35,1,3,69.71,'N',68.72,4,2),(2,'053100CAR*DU',14,2,3,66.92,'N',67.5,2,4),(2,'053100CAR*DU',22,1,3,74.26,'N',76.02,1,6),(2,'053100CAR*DU',28,1,3,77.16,'N',77.65,2,4),(2,'053100CAR*DU',48,1,3,33.34,'N',35.2,2,4),(2,'060204ABI*BE',2,1,4,89.52,'N',87.41,1,6),(2,'060204ABI*BE',24,1,4,41.01,'N',40.37,1,6),(2,'060204ABI*BE',34,1,4,44.99,'N',46.01,1,6),(2,'060204ABI*BE',44,1,2,44,'N',41.86,2,4),(2,'061504NEL*LE',1,1,1,108.96,'N',105.33,5,1),(2,'061504NEL*LE',11,2,5,39.85,'N',40.27,3,3),(2,'061504NEL*LE',23,1,5,53.33,'N',51,3,3),(2,'061602NICABA',10,2,4,36.3,'N',34.82,2,4),(2,'061602NICABA',16,1,4,91.89,'N',91.2,2,4),(2,'061602NICABA',36,1,4,46.26,'N',45.71,1,6),(2,'061602NICABA',46,1,4,41.23,'N',42.18,2,4),(2,'061805AVE*WA',12,2,3,42.77,'N',39.2,5,1),(2,'061805AVE*WA',24,1,1,NULL,'N',49.66,4,2),(2,'061805AVE*WA',34,1,5,NULL,'N',51.25,4,2),(2,'062003IVADSO',9,2,2,34.61,'N',34.55,4,2),(2,'062003IVADSO',25,1,6,46.76,'N',42.76,4,2),(2,'062003IVADSO',45,1,6,44.9,'N',40.95,4,2),(2,'062005AURRCH',24,1,6,46.77,'N',42.78,2,4),(2,'062005AURRCH',34,1,2,49.06,'N',49.49,2,4),(2,'062808ALE*WA',6,2,3,26.91,'N',28.45,4,2),(2,'062808ALE*WA',30,1,3,42.27,'N',36.45,2,4),(2,'062808ALE*WA',40,1,3,42.45,'Y',NULL,NULL,NULL),(2,'063005OCETBA',12,1,4,44.24,'N',40.99,7,0),(2,'070106DAV*KA',9,2,5,NULL,'N',33.65,3,3),(2,'070106DAV*KA',15,1,3,NULL,'N',87.38,3,3),(2,'070106DAV*KA',25,1,5,NULL,'N',42.34,3,3),(2,'070106DAV*KA',45,1,3,NULL,'N',39.82,3,3),(2,'070709TYL*BO',5,2,5,28.75,'N',26.75,2,4),(2,'070709TYL*BO',29,1,1,NULL,'N',36.96,3,3),(2,'070709TYL*BO',39,1,1,NULL,'N',32.21,3,3),(2,'071003MAD*KE',10,1,5,38.32,'N',39.34,8,0),(2,'071003MAD*KE',16,1,1,103.47,'N',101.77,5,1),(2,'071003MAD*KE',36,1,1,NULL,'N',54.64,6,0),(2,'071107ANI*MA',8,1,5,73.65,'N',77.37,8,0),(2,'071107ANI*MA',42,1,1,48.19,'Y',NULL,NULL,NULL),(2,'071108JAD*GR',5,1,1,NULL,'N',29.88,4,2),(2,'071705ADR*UR',2,1,1,125.47,'N',115.71,5,1),(2,'071705ADR*UR',12,1,5,46.66,'N',46.53,11,0),(2,'071705ADR*UR',34,1,1,NULL,'N',63.58,6,0),(2,'071705ADR*UR',44,1,1,NULL,'N',51.66,5,1),(2,'072209PET*ZH',5,2,4,28.92,'N',27.21,3,3),(2,'072209PET*ZH',17,1,2,36.06,'N',39.9,5,1),(2,'072706SOP*ES',8,2,6,NULL,'N',58.44,6,0),(2,'072706SOP*ES',32,1,6,53.55,'Y',NULL,NULL,NULL),(2,'072706SOP*ES',42,1,6,NULL,'Y',NULL,NULL,NULL),(2,'072908OLI*WA',5,2,1,NULL,'N',33.28,7,0),(2,'072908OLI*WA',29,1,5,NULL,'N',29.08,2,4),(2,'073005LEE*CH',2,1,6,96.22,'N',98.26,3,3),(2,'073005LEE*CH',12,2,4,38.16,'N',38.81,4,2),(2,'073005LEE*CH',24,1,2,46.66,'N',44.91,3,3),(2,'073005LEE*CH',44,1,4,42.26,'N',41.76,1,6),(2,'073102BRE*HO',10,1,3,37.78,'N',38.26,5,1),(2,'073102BRE*HO',46,1,1,NULL,'N',51.09,6,0),(2,'080703MARECA',10,2,6,41.83,'N',39.25,7,0),(2,'080703MARECA',16,1,6,112.42,'N',110.84,6,0),(2,'080703MARECA',26,1,4,46.05,'N',46.94,3,3),(2,'080703MARECA',46,1,6,51.77,'N',49.07,5,1),(2,'081207COLPKN',7,1,3,56.68,'N',57.7,11,0),(2,'081207COLPKN',31,1,1,38.29,'Y',NULL,NULL,NULL),(2,'081207JAYEKN',8,2,1,58.34,'N',54.81,5,1),(2,'081207JAYEKN',20,1,3,34,'Y',NULL,NULL,NULL),(2,'081207JAYEKN',32,1,5,29.68,'N',28.02,3,3),(2,'081405THE*MA',11,2,1,43.72,'N',42.26,5,1),(2,'081405THE*MA',33,1,5,NULL,'N',51.02,2,4),(2,'081405THE*MA',43,1,5,NULL,'N',51.4,3,3),(2,'081806EMAPJA',20,1,4,24.16,'N',24.01,1,6),(2,'081806EMAPJA',32,1,4,26.33,'N',26.75,2,4),(2,'081806EMAPJA',42,1,4,24.12,'N',21.88,1,6),(2,'082904BELVGE',2,1,2,95.49,'N',94.28,2,4),(2,'082904BELVGE',12,2,2,38.75,'N',38.24,1,6),(2,'082904BELVGE',34,1,6,51.89,'N',50.52,3,3),(2,'082904BELVGE',44,1,6,44.95,'N',42.02,3,3),(2,'083105JOSELO',1,1,4,98.93,'N',96.25,3,3),(2,'083105JOSELO',11,2,4,36.73,'N',36.58,2,4),(2,'083105JOSELO',23,1,4,50.19,'N',47.6,2,4),(2,'083105JOSELO',33,1,4,52.25,'N',50.68,1,6),(2,'090503ALARGE',10,1,6,46.44,'N',41.81,10,0),(2,'090503ALARGE',26,1,2,55.5,'N',51.25,4,2),(2,'090707JAC*FE',7,1,1,NULL,'N',58.09,12,0),(2,'090707JAC*WO',19,1,1,35.99,'N',29.65,5,1),(2,'090707JAC*WO',41,1,1,NULL,'N',27.95,5,1),(2,'091008MAL*DU',6,2,1,30.63,'N',28.28,3,3),(2,'091008MAN*TA',17,1,4,23.87,'N',24.66,1,6),(2,'091008MAN*TA',29,1,4,27.88,'N',28.22,1,6),(2,'091008MAN*TA',39,1,4,24.56,'N',24.25,1,6),(2,'091106DIEFRA',1,1,6,108.39,'N',106.06,6,0),(2,'091106DIEFRA',7,2,4,40.06,'N',38.52,2,4),(2,'091106DIEFRA',19,1,2,23.39,'N',21.45,2,4),(2,'091106DIEFRA',41,1,4,19.34,'N',18.65,1,6),(2,'092798SAYHVA',14,2,4,67.85,'N',65.44,1,6),(2,'092798SAYHVA',22,1,4,84.43,'N',82.12,2,4),(2,'092798SAYHVA',28,1,4,80.23,'N',75.57,1,6),(2,'092798SAYHVA',48,1,4,33.04,'N',32.26,1,6),(2,'100308ALA*GL',6,2,5,29.63,'N',28.53,5,1),(2,'100308ALA*GL',18,1,5,36.65,'N',34.32,2,4),(2,'100308ALA*GL',30,1,5,48.45,'Y',NULL,NULL,NULL),(2,'100404MEL*CO',12,1,3,46.41,'N',43.87,9,0),(2,'100404MEL*CO',34,1,3,52.46,'N',51.7,5,1),(2,'101204ELI*FU',2,1,3,110.87,'N',103.47,4,2),(2,'101204ELI*FU',12,2,5,43.97,'N',38.76,3,3),(2,'101204ELI*FU',24,1,3,56.5,'N',50.65,5,1),(2,'101204ELI*FU',44,1,3,NULL,'N',52.06,6,0),(2,'101204ETH*FU',1,1,3,92.87,'N',89.84,1,6),(2,'101204ETH*FU',11,2,3,35.62,'N',34.27,1,6),(2,'101204ETH*FU',23,1,3,48.34,'N',45.76,1,6),(2,'101204ETH*FU',43,1,1,NULL,'N',44.08,1,6),(2,'101504MARCPA',11,2,2,43.25,'N',40.51,4,2),(2,'101504MARCPA',33,1,2,54.56,'N',53.84,3,3),(2,'101504MARCPA',43,1,4,56.74,'N',49.34,2,4),(2,'101508DYL*NO',5,2,3,23.86,'N',21.21,1,6),(2,'101508DYL*NO',17,1,1,NULL,'N',36.03,3,3),(2,'101508DYL*NO',39,1,5,NULL,'N',32.13,2,4),(2,'102208LILTJA',18,1,4,33.97,'N',31.03,1,6),(2,'102208LILTJA',30,1,4,39.9,'N',35.97,1,6),(2,'102208LILTJA',40,1,4,38.21,'N',36.88,1,6),(2,'102298AND*DU',13,2,5,62.31,'N',64.25,3,3),(2,'102298AND*DU',21,1,5,71.77,'N',70.81,3,3),(2,'102298AND*DU',27,1,5,73.25,'N',75.9,4,2),(2,'102298AND*DU',47,1,3,30.5,'N',30.97,2,4),(2,'102802CHRMFE',9,2,6,34.83,'N',32.46,2,4),(2,'102802CHRMFE',15,1,2,91.18,'N',86.01,2,4),(2,'102802CHRMFE',25,1,2,44.46,'N',42.18,2,4),(2,'102802CHRMFE',45,1,2,37.53,'N',36.35,2,4),(2,'110309MAD*RO',18,1,1,60.25,'N',52.28,5,1),(2,'110503SHA*PA',9,1,4,37,'N',37.32,6,0),(2,'110503SHA*PA',35,1,6,52.47,'N',52.63,3,3),(2,'110700CHL*OS',14,1,3,76.93,'N',77.19,5,1),(2,'110700CHL*OS',48,1,5,35.85,'N',37.2,3,3),(2,'110802BRIAHE',9,2,4,30.42,'N',30.41,1,6),(2,'110802BRIAHE',15,1,4,86.83,'N',84.62,1,6),(2,'110802BRIAHE',25,1,4,39.61,'N',39.31,1,6),(2,'110802BRIAHE',45,1,4,35.15,'N',34.26,1,6),(2,'110907ELE*MO',8,1,1,85.18,'N',83.02,9,0),(2,'110907ELE*MO',20,1,1,39.33,'N',39.14,4,2),(2,'110907ELE*MO',32,1,1,52.01,'Y',NULL,NULL,NULL),(2,'111000JUSLWO',13,1,3,66.35,'N',65.45,4,2),(2,'111000JUSLWO',21,1,1,82.53,'N',83.47,4,2),(2,'111000JUSLWO',27,1,1,75.84,'N',74.09,3,3),(2,'111000JUSLWO',37,1,3,79.78,'N',79.08,1,6),(2,'111104SAM*DI',11,1,1,54.51,'N',48.97,11,0),(2,'111104SAM*DI',23,1,1,87,'N',77.45,6,0),(2,'111307CULARA',7,1,6,55.24,'N',50.02,8,0),(2,'111402EMM*BA',10,2,1,37.63,'N',38.02,4,2),(2,'111402EMM*BA',26,1,5,45.25,'N',45.15,2,4),(2,'111402EMM*BA',36,1,3,46,'N',45.89,2,4),(2,'112100AKH*GU',13,2,2,77.7,'N',76.35,7,0),(2,'112100AKH*GU',21,1,2,112.9,'N',109.81,6,0),(2,'112900RICACA',13,1,2,80.66,'N',75.19,6,0),(2,'112900RICACA',21,1,6,113.15,'N',103.89,5,1),(2,'112900RICACA',37,1,2,98.58,'N',99.01,6,0),(2,'120104KRI*SU',12,1,2,48.59,'N',44.49,10,0),(2,'120104SHR*SU',12,1,6,49.02,'N',43.42,8,0),(2,'120604JUN*DO',12,2,1,44.7,'N',39.87,6,0),(2,'120604JUN*DO',24,1,5,69.4,'N',57.76,6,0),(2,'120604JUN*DO',44,1,5,NULL,'N',50.89,4,2),(2,'121106JUL*DU',8,1,3,71.58,'N',64.13,7,0),(2,'121308MAY*DO',6,1,1,NULL,'N',26.94,1,6),(2,'121406JASSCA',8,2,4,46.23,'N',47.12,2,4),(2,'121406JASSCA',32,1,2,36.92,'N',36.64,4,2),(2,'121406JASSCA',42,1,2,32.03,'N',33.6,4,2),(2,'121602MAA*GU',10,2,2,38.91,'N',38.32,6,0),(2,'121602MAA*GU',16,1,2,100.58,'N',100.39,4,2),(2,'121602MAA*GU',36,1,2,49.6,'N',46.18,3,3),(2,'121602MAA*GU',46,1,2,49.73,'N',46.76,4,2),(2,'121704BENHRO',11,1,2,51.24,'N',46.59,8,0),(2,'121704BENHRO',43,1,6,65.29,'N',57.81,4,2),(3,'010303ALA*CH',9,2,3,29.73,'N',29.09,1,6),(3,'010303ALA*CH',15,1,3,75.07,'N',72.01,1,6),(3,'010303ALA*CH',25,1,3,34.96,'N',33.94,1,6),(3,'010303ALA*CH',45,1,3,34.87,'N',33.93,1,6),(3,'010407DIE*MA',7,2,4,53.03,'N',46.72,1,6),(3,'010407DIE*MA',31,1,2,33.71,'N',34.68,3,3),(3,'010407DIE*MA',41,1,4,23.68,'N',25.27,2,4),(3,'010699RAM*ZA',13,2,3,58.46,'N',60.28,1,6),(3,'010699RAM*ZA',21,1,3,75.2,'N',74.01,2,4),(3,'010699RAM*ZA',27,1,3,70.55,'N',72.37,2,4),(3,'010699RAM*ZA',47,1,3,29.87,'N',30.34,2,4),(3,'011308TEAEFE',8,1,6,67.03,'N',65.06,10,0),(3,'011308TEAEFE',32,1,6,32.88,'N',34.3,5,1),(3,'011607HAN*GH',32,1,5,32.81,'N',30.97,3,3),(3,'011899ASH*RA',14,2,3,74.09,'N',75.4,3,3),(3,'011899ASH*RA',28,1,3,82.51,'N',83.44,1,6),(3,'011899ASH*RA',38,1,3,92.14,'N',95.13,1,6),(3,'011899ASH*RA',48,1,3,35.43,'N',36.76,2,4),(3,'012208ARJ*RA',19,1,4,27.85,'N',27.28,2,4),(3,'012208ARJ*RA',31,1,6,34.25,'N',36.21,4,2),(3,'012208ARJ*RA',41,1,6,33.76,'Y',NULL,NULL,NULL),(3,'012208DREEEW',8,1,4,58.5,'N',57.97,9,0),(3,'012208DREEEW',20,1,2,28.31,'N',31.28,4,2),(3,'013004ZIO*FR',10,1,6,54.88,'N',54.34,9,0),(3,'020306MAT*SH',11,2,1,50.84,'N',49.17,9,0),(3,'020306MAT*SH',23,1,1,NULL,'N',56.25,5,1),(3,'020306MAT*SH',43,1,5,NULL,'N',67.75,5,1),(3,'020705TULHRO',11,1,2,46.12,'N',48.78,8,0),(3,'020705TULHRO',23,1,6,56.05,'N',54.5,3,3),(3,'020802MATRBR',13,2,6,79.84,'N',85.5,5,1),(3,'020802MATRBR',21,1,6,87.5,'Y',NULL,NULL,NULL),(3,'020802MATRBR',27,1,6,100.37,'Y',NULL,NULL,NULL),(3,'020802MATRBR',37,1,4,88.2,'N',107.68,1,6),(3,'021103PARTRO',9,2,2,30.38,'N',30.35,4,2),(3,'021103PARTRO',15,1,4,74.84,'N',74.83,2,4),(3,'021103PARTRO',35,1,4,40,'N',39.2,2,4),(3,'021103PARTRO',45,1,4,33.66,'N',34.44,2,4),(3,'030404CAM*PA',9,1,6,48.43,'N',52.87,9,0),(3,'030803ELLGSE',10,2,4,33.25,'N',34.13,2,4),(3,'030803ELLGSE',16,1,2,89.5,'N',97.51,3,3),(3,'030803ELLGSE',36,1,4,42.16,'N',42.51,1,6),(3,'030803ELLGSE',46,1,2,49.25,'N',46.28,3,3),(3,'031005JACDPE',24,1,6,64.63,'N',67.43,6,0),(3,'031005JACDPE',34,1,6,74.6,'N',74.05,4,2),(3,'031105RAC*WA',12,2,5,39.46,'N',38.97,3,3),(3,'031105RAC*WA',24,1,5,48.64,'N',50.58,4,2),(3,'031105RAC*WA',44,1,1,50.91,'N',54.41,4,2),(3,'031208DORCWA',8,1,1,66.93,'N',65.28,11,0),(3,'031208DORCWA',32,1,1,39.41,'Y',NULL,NULL,NULL),(3,'031903LOR*MU',10,2,6,37.81,'N',37.24,3,3),(3,'031903LOR*MU',16,1,6,101.4,'N',105.12,4,2),(3,'031903LOR*MU',36,1,2,56.44,'N',55.64,3,3),(3,'031903LOR*MU',46,1,6,NULL,'N',51.56,4,2),(3,'032303PAOMMA',10,1,2,54.63,'N',55.63,10,0),(3,'032303PAOMMA',26,1,6,73.12,'N',74.81,6,0),(3,'032508STE*SH',8,2,5,51.63,'N',53.71,6,0),(3,'032508STE*SH',42,1,1,37.28,'N',38.73,6,0),(3,'040509EVAWWU',6,2,5,24.95,'N',21.78,2,4),(3,'040509EVAWWU',18,1,5,26.81,'N',25.62,1,6),(3,'040509EVAWWU',40,1,5,29.45,'N',29.88,2,4),(3,'041707ANNKSU',8,2,1,52.37,'N',49.46,5,1),(3,'041707ANNKSU',32,1,3,32.38,'N',31.59,4,2),(3,'041707ANNKSU',42,1,5,29.88,'N',28.15,4,2),(3,'041909SUR*ZH',6,2,1,33.5,'N',32.18,7,0),(3,'041909SUR*ZH',30,1,5,NULL,'N',47.28,2,4),(3,'042104NIC*BA',9,1,4,35.87,'N',35.12,5,1),(3,'042104NIC*BA',25,1,6,51.25,'N',49,4,2),(3,'042104NIC*BA',35,1,2,45.03,'N',45.59,3,3),(3,'042208TOM*SP',7,2,6,56.57,'N',53.9,3,3),(3,'042208TOM*SP',19,1,6,34.28,'N',35.23,4,2),(3,'042208TOM*SP',41,1,2,30.4,'N',26.95,3,3),(3,'042310ALIRRE',6,2,4,26.68,'N',26.28,3,3),(3,'042310ALIRRE',18,1,6,38.87,'N',37.12,3,3),(3,'050107SOFASA',8,2,6,54.83,'N',55.51,7,0),(3,'050107SOFASA',32,1,2,27.43,'N',27.5,1,6),(3,'050107SOFASA',42,1,6,29.28,'N',31.52,5,1),(3,'051310LOR*FL',5,2,6,39.02,'N',34.26,5,1),(3,'051310LOR*FL',17,1,6,46.28,'N',38.97,2,4),(3,'051310LOR*FL',29,1,2,54.19,'Y',NULL,NULL,NULL),(3,'051608CAT*YA',8,1,3,54.37,'N',49.15,4,2),(3,'051608CAT*YA',20,1,5,25.78,'Y',NULL,NULL,NULL),(3,'051608CAT*YA',42,1,3,28.15,'N',23.53,3,3),(3,'051803RUN*CU',9,2,1,35.83,'N',36.06,7,0),(3,'051803RUN*CU',25,1,5,45.21,'N',44.08,3,3),(3,'051803RUN*CU',45,1,1,51.64,'N',50.03,6,0),(3,'051805KALABR',1,1,4,95.6,'N',96.73,3,3),(3,'051805KALABR',11,2,4,35.9,'N',36.67,3,3),(3,'051805KALABR',33,1,4,46.95,'N',46.72,2,4),(3,'051805KALABR',43,1,2,45.39,'N',47.03,4,2),(3,'051907SOP*FL',8,1,2,60.04,'N',57.75,8,0),(3,'051907SOP*FL',20,1,6,30.11,'N',28.83,3,3),(3,'052403REDAMI',10,2,2,36.82,'N',37.29,4,2),(3,'052403REDAMI',16,1,4,89.37,'N',92.91,2,4),(3,'052403REDAMI',26,1,4,42.95,'N',44.56,2,4),(3,'052403REDAMI',46,1,4,42.5,'N',40.9,2,4),(3,'052405MEL*KA',2,1,6,105.98,'N',104.7,3,3),(3,'052405MEL*KA',12,1,4,43.82,'N',43.72,6,0),(3,'052405MEL*KA',34,1,4,48.4,'N',48.94,1,6),(3,'052405MEL*KA',44,1,2,46.88,'N',50.26,3,3),(3,'052708ERO*KA',7,1,4,57.47,'N',57.38,4,2),(3,'052708ERO*KA',31,1,4,27.52,'N',27.76,2,4),(3,'060110AVN*GI',6,2,6,29.96,'N',30.26,5,1),(3,'060110AVN*GI',18,1,2,35.53,'N',41.53,5,1),(3,'060110AVN*GI',40,1,2,48.5,'Y',NULL,NULL,NULL),(3,'061205XUNYLO',12,2,4,38.75,'N',38.5,2,4),(3,'061205XUNYLO',24,1,4,49.84,'N',49.22,2,4),(3,'061205XUNYLO',44,1,4,41.09,'N',42.34,2,4),(3,'062207PATBOR',7,1,2,63.88,'N',65.44,5,1),(3,'062306ABHMGA',7,2,3,93.77,'N',72.95,6,0),(3,'062306ABHMGA',19,1,5,49.53,'N',40.26,5,1),(3,'062306ABHMGA',31,1,5,53.53,'N',39.83,5,1),(3,'070505JONSMC',1,1,2,99,'N',102.71,5,1),(3,'070505JONSMC',11,1,4,43.08,'N',41.88,5,1),(3,'070505JONSMC',33,1,2,50.22,'N',48.11,3,3),(3,'070505JONSMC',43,1,4,44.46,'N',46.69,3,3),(3,'070899ILCPHE',14,2,6,77.44,'N',75.18,2,4),(3,'070899ILCPHE',22,1,6,103.89,'N',95.22,3,3),(3,'070899ILCPHE',28,1,6,90.14,'N',88.87,4,2),(3,'070899ILCPHE',38,1,4,99.32,'N',98.85,2,4),(3,'072100GABRAN',14,2,4,72.83,'N',73.21,1,6),(3,'072100GABRAN',22,1,2,89.55,'N',91.78,2,4),(3,'072100GABRAN',28,1,4,85.09,'N',85.44,3,3),(3,'072100GABRAN',48,1,2,38.56,'N',37.88,3,3),(3,'072204CLA*LE',12,1,6,NULL,'N',41.66,5,1),(3,'072205ANN*GU',10,1,3,53.15,'N',52.89,8,0),(3,'072205ANN*GU',36,1,1,NULL,'N',55.95,4,2),(3,'072205ANN*GU',46,1,5,NULL,'N',61.2,5,1),(3,'072205MEG*GU',10,2,1,49.34,'N',48.77,7,0),(3,'072205MEG*GU',26,1,1,82.32,'N',73.52,5,1),(3,'072205MEG*GU',36,1,5,68.11,'N',64.33,6,0),(3,'072409BENHRE',5,2,3,23.84,'N',24.03,2,4),(3,'072409BENHRE',17,1,1,NULL,'N',44.76,4,2),(3,'072409BENHRE',29,1,1,NULL,'Y',NULL,NULL,NULL),(3,'072702AVA*ZH',10,2,3,32.5,'N',32.83,1,6),(3,'072702AVA*ZH',16,1,3,83.63,'N',87.04,1,6),(3,'072702AVA*ZH',26,1,3,37.68,'N',38.63,1,6),(3,'072702AVA*ZH',46,1,3,37.19,'N',37.4,1,6),(3,'073007MILJHI',7,2,2,54.4,'N',51.77,2,4),(3,'073007MILJHI',19,1,2,28.62,'N',28.5,3,3),(3,'080105SHO*LE',12,2,2,41.06,'N',41.58,4,2),(3,'080105SHO*LE',44,1,6,57.57,'N',56.28,5,1),(3,'080201MAX*CO',13,1,4,80.75,'N',80.4,4,2),(3,'080201MAX*CO',37,1,6,131.14,'N',124.03,2,4),(3,'080201MAX*CO',47,1,2,59.06,'N',52.5,3,3),(3,'080308AND*CH',6,2,3,21.92,'N',21.28,1,6),(3,'080308AND*CH',18,1,3,24.68,'N',25.96,2,4),(3,'080308AND*CH',40,1,3,26.68,'N',25.59,1,6),(3,'080609AAR*OR',5,2,4,37.07,'N',35.14,8,0),(3,'080609AAR*OR',29,1,4,50.23,'Y',NULL,NULL,NULL),(3,'080609AAR*OR',39,1,6,57.42,'Y',NULL,NULL,NULL),(3,'080808MIC*LI',6,1,3,49.89,'N',32.95,9,0),(3,'080808MIC*LI',30,1,3,58.85,'Y',NULL,NULL,NULL),(3,'080808MIC*LI',40,1,1,NULL,'Y',NULL,NULL,NULL),(3,'081004VANKGA',12,1,3,NULL,'N',62.45,10,0),(3,'081005ANTJSA',11,2,6,41.47,'N',43.28,6,0),(3,'081005ANTJSA',23,1,2,55.31,'N',55.09,4,2),(3,'081005ANTJSA',33,1,6,56.41,'N',57.44,5,1),(3,'081810FER*MO',5,1,4,40.63,'N',34.67,6,0),(3,'081810FER*MO',17,1,2,43.09,'N',42.52,3,3),(3,'081810FER*MO',39,1,2,46.62,'Y',NULL,NULL,NULL),(3,'081906AMYTSA',2,1,4,104.22,'N',102.41,2,4),(3,'081906AMYTSA',8,2,4,39.91,'N',40.76,2,4),(3,'081906AMYTSA',32,1,4,25.72,'N',28.21,2,4),(3,'081906AMYTSA',42,1,4,21.37,'N',22.25,1,6),(3,'082302RYA*CH',9,2,5,30.09,'N',30.05,3,3),(3,'082302RYA*CH',15,1,5,81.29,'N',75.45,3,3),(3,'082302RYA*CH',35,1,3,37.89,'N',37.2,1,6),(3,'082302RYA*CH',45,1,5,36.69,'N',35.28,3,3),(3,'082500CONPMA',13,2,2,68.21,'N',70.63,3,3),(3,'082500CONPMA',21,1,2,83.93,'N',88.07,3,3),(3,'082500CONPMA',27,1,2,79.89,'N',85.76,3,3),(3,'082508AIDESO',5,1,3,37.8,'N',32.94,4,2),(3,'082508AIDESO',17,1,5,52.4,'N',51.52,6,0),(3,'082508AIDESO',29,1,5,NULL,'Y',NULL,NULL,NULL),(3,'090408ROHPGA',5,2,1,31.71,'N',27.59,3,3),(3,'090408ROHPGA',29,1,3,NULL,'Y',NULL,NULL,NULL),(3,'090408ROHPGA',39,1,5,NULL,'Y',NULL,NULL,NULL),(3,'090409KAL*BA',6,1,6,37.16,'N',37,10,0),(3,'090508ERI*CH',5,2,5,24.03,'N',23,1,6),(3,'090508ERI*CH',17,1,3,30.58,'N',28.54,1,6),(3,'090508ERI*CH',39,1,3,31.65,'N',30.64,1,6),(3,'091603JEAMKI',10,2,5,41.46,'N',42.25,5,1),(3,'091603JEAMKI',16,1,5,NULL,'Y',NULL,NULL,NULL),(3,'091603JEAMKI',26,1,5,53.62,'N',57.9,4,2),(3,'091603JEAMKI',36,1,3,54.72,'N',55.46,2,4),(3,'091604EVA*CH',1,1,3,84.5,'N',84.09,1,6),(3,'091604EVA*CH',11,2,3,33.82,'N',33.84,1,6),(3,'091604EVA*CH',33,1,3,42.29,'N',42.45,1,6),(3,'091604EVA*CH',43,1,3,39.16,'N',40.83,1,6),(3,'091707SOPMLI',2,1,1,NULL,'N',107.52,5,1),(3,'091707SOPMLI',8,2,3,42.72,'N',40.46,1,6),(3,'091707SOPMLI',20,1,3,22.83,'N',23.75,1,6),(3,'091709GEN*CH',6,1,4,31.25,'N',31.25,6,0),(3,'091709GEN*CH',18,1,4,34.89,'N',40.06,4,2),(3,'091709GEN*CH',30,1,4,43.88,'N',46.88,1,6),(3,'092401SKYCBL',14,2,2,76.09,'N',78.26,4,2),(3,'092401SKYCBL',22,1,4,86.6,'N',87.21,1,6),(3,'092401SKYCBL',28,1,2,86,'N',85.26,2,4),(3,'092401SKYCBL',48,1,4,36.26,'N',36.31,1,6),(3,'092705OTT*VA',11,1,6,50.06,'N',46.6,7,0),(3,'100405ZANAGH',23,1,5,83.27,'Y',NULL,NULL,NULL),(3,'101410KALAMI',6,1,2,33.94,'N',32.5,8,0),(3,'101410KALAMI',30,1,2,49.73,'Y',NULL,NULL,NULL),(3,'101410KALAMI',40,1,6,51.13,'Y',NULL,NULL,NULL),(3,'101505JIRPKI',48,1,5,71.18,'N',53.38,4,2),(3,'101807LINLYO',8,2,2,48.47,'N',46.24,3,3),(3,'101807LINLYO',20,1,4,23.56,'N',24.45,2,4),(3,'101807LINLYO',42,1,2,23.3,'N',22.46,2,4),(3,'102202ETHDPH',9,2,4,29.03,'N',29.56,2,4),(3,'102202ETHDPH',15,1,2,75.62,'N',81.33,4,2),(3,'102202ETHDPH',25,1,4,33.88,'N',34.28,2,4),(3,'102202ETHDPH',45,1,2,34.68,'N',36.77,4,2),(3,'102604AMEMMA',2,1,2,105.72,'N',108.25,6,0),(3,'102604AMEMMA',12,2,6,42.88,'N',44.15,7,0),(3,'102604AMEMMA',24,1,2,52.71,'N',51.71,5,1),(3,'102604AMEMMA',34,1,2,52.19,'N',53.88,2,4),(3,'102902EDSEOR',9,2,6,35.16,'N',35.73,6,0),(3,'102902EDSEOR',45,1,6,47.83,'N',44.15,5,1),(3,'110305TIA*YA',2,1,5,108.65,'N',107.08,4,2),(3,'110305TIA*YA',12,1,1,43.31,'N',45.38,8,0),(3,'110305TIA*YA',24,1,1,50.69,'N',49.25,3,3),(3,'110305TIA*YA',34,1,1,58.43,'N',54.58,3,3),(3,'110703OON*GI',10,1,4,44.85,'N',45.72,6,0),(3,'110703OON*GI',26,1,2,56.51,'N',55.87,3,3),(3,'110703OON*GI',36,1,6,57.48,'N',57.83,5,1),(3,'110805JOSDSP',1,1,6,105.31,'N',97.88,4,2),(3,'110805JOSDSP',11,2,2,39.62,'N',40.85,4,2),(3,'110805JOSDSP',23,1,4,44.81,'N',44.47,2,4),(3,'110805JOSDSP',43,1,6,50.64,'N',45.71,2,4),(3,'111407ALEPBA',1,1,1,110.43,'N',107.53,6,0),(3,'111407ALEPBA',19,1,3,24.4,'N',23.6,1,6),(3,'111407ALEPBA',31,1,3,25.42,'N',23.99,1,6),(3,'111407ALEPBA',41,1,3,21.65,'N',22.34,1,6),(3,'111905LORLSO',12,1,2,48.98,'N',52.75,9,0),(3,'111999SHE*BH',14,2,5,96.07,'N',96.4,5,1),(3,'111999SHE*BH',22,1,3,145.9,'N',142.5,4,2),(3,'111999SHE*BH',28,1,5,111.54,'N',115.15,5,1),(3,'111999SHE*BH',38,1,5,124,'N',119.83,3,3),(3,'120599EVECBL',13,2,4,62.96,'N',60.76,2,4),(3,'120599EVECBL',21,1,4,74.59,'N',72.59,1,6),(3,'120599EVECBL',27,1,4,74.88,'N',70.35,1,6),(3,'120599EVECBL',47,1,4,29.72,'N',29.76,1,6),(3,'121208LAU*TU',6,2,2,27.71,'N',27.91,4,2),(3,'121208LAU*TU',30,1,6,50.22,'Y',NULL,NULL,NULL),(3,'121208LAU*TU',40,1,4,37.69,'N',36.22,3,3),(3,'122002EUGEAY',9,1,2,36.83,'N',38.63,8,0),(3,'122002EUGEAY',15,1,6,94.75,'N',100.11,5,1),(3,'122002EUGEAY',25,1,2,47,'N',50.52,5,1),(3,'122002EUGEAY',35,1,6,47.54,'N',50.34,4,2),(3,'122008TAYJOL',5,2,2,37.63,'N',34.69,7,0),(3,'122008TAYJOL',17,1,4,39.98,'N',46.2,5,1),(3,'122008TAYJOL',39,1,4,46.47,'Y',NULL,NULL,NULL),(3,'122404SOP*ZH',2,1,3,83.19,'N',83.78,1,6),(3,'122404SOP*ZH',12,2,3,33.96,'N',32.84,1,6),(3,'122404SOP*ZH',24,1,3,38.27,'N',36.83,1,6),(3,'122404SOP*ZH',44,1,3,36.61,'N',36.43,1,6),(3,'123105YUA*CU',1,1,5,88.77,'N',89.19,2,4),(3,'123105YUA*CU',11,2,5,35.32,'N',34.94,2,4),(3,'123105YUA*CU',23,1,3,39.22,'N',38.57,1,6),(3,'123105YUA*CU',33,1,5,50.64,'N',50.33,4,2),(4,'010407DIE*MA',7,2,4,46.72,'N',46.95,6,0),(4,'010407DIE*MA',19,1,4,26.28,'N',27.47,5,1),(4,'010407DIE*MA',41,1,4,23.68,'N',24.34,4,2),(4,'010907GAB*JO',7,1,2,NULL,'N',41.77,2,4),(4,'010907GAB*JO',19,1,6,NULL,'N',23.09,2,4),(4,'010907GAB*JO',41,1,6,NULL,'N',22.88,2,4),(4,'011009RACNHO',6,2,5,26.59,'N',26.33,2,4),(4,'011009RACNHO',18,1,3,30.13,'N',30.39,1,6),(4,'011009RACNHO',40,1,5,NULL,'Y',NULL,NULL,NULL),(4,'011308TEAEFE',8,1,6,65.06,'N',69.31,10,0),(4,'011308TEAEFE',32,1,6,32.88,'N',32.91,5,1),(4,'011700TRAASA',14,1,4,NULL,'N',83.29,8,0),(4,'011700TRAASA',22,1,6,NULL,'N',102.31,6,0),(4,'011700TRAASA',38,1,6,NULL,'N',112.28,6,0),(4,'012504DUL*VA',10,1,6,64.4,'N',61.31,7,0),(4,'012504DUL*VA',26,1,2,NULL,'N',78.89,5,1),(4,'012603ELL*DE',10,2,3,33.72,'N',32.84,1,6),(4,'012603ELL*DE',16,1,3,89.02,'N',84.45,1,6),(4,'012603ELL*DE',26,1,3,39.93,'N',39.56,1,6),(4,'012603ELL*DE',46,1,3,42.63,'N',37.87,1,6),(4,'012709TIMJRI',5,2,3,21.85,'N',23.26,2,4),(4,'012709TIMJRI',17,1,3,30.01,'N',26.71,1,6),(4,'012709TIMJRI',39,1,3,36.75,'N',32.96,1,6),(4,'013001SAR*GR',14,1,3,76.15,'N',75.56,6,0),(4,'013001SAR*GR',38,1,5,104.69,'N',100.5,3,3),(4,'013001SAR*GR',48,1,5,39.97,'N',38.03,4,2),(4,'013108ABIGAJ',8,2,1,46.63,'N',49.06,5,1),(4,'013108ABIGAJ',20,1,5,24.01,'N',25.05,3,3),(4,'013108ABIGAJ',42,1,5,24.56,'N',23.76,4,2),(4,'01806VER*OBL',12,1,6,69.56,'N',64.31,10,0),(4,'020705TULHRO',11,1,4,46.12,'N',46.21,7,0),(4,'020705TULHRO',23,1,2,54.5,'N',54.9,5,1),(4,'020705TULHRO',43,1,4,NULL,'N',62.87,4,2),(4,'020802MATRBR',13,2,6,79.84,'N',83.58,7,0),(4,'020802MATRBR',27,1,6,100.37,'N',97.22,6,0),(4,'020802MATRBR',37,1,4,88.2,'N',96.87,1,6),(4,'020802MATRBR',47,1,2,49.98,'Y',NULL,NULL,NULL),(4,'021103PARTRO',9,2,2,30.35,'N',30.32,3,3),(4,'021103PARTRO',15,1,4,74.83,'N',75.22,2,4),(4,'021103PARTRO',35,1,4,39.2,'N',39.07,2,4),(4,'021103PARTRO',45,1,4,33.66,'N',34.17,2,4),(4,'021209ETH*RO',5,1,3,29.71,'N',28.19,4,2),(4,'021209ETH*RO',17,1,1,51.87,'N',41.84,5,1),(4,'021407CAMJWI',7,2,1,44.34,'N',45.39,4,2),(4,'021407CAMJWI',19,1,5,25.31,'N',25.22,3,3),(4,'021407CAMJWI',41,1,1,29.82,'N',28.59,5,1),(4,'022409ELLELO',6,1,6,NULL,'N',33.7,10,0),(4,'030404CAM*PA',9,1,6,48.43,'N',47.71,10,0),(4,'030803ELLGSE',10,2,4,33.25,'N',33.59,2,4),(4,'030803ELLGSE',16,1,2,89.5,'N',92.08,3,3),(4,'030803ELLGSE',36,1,4,42.16,'N',40.98,1,6),(4,'030803ELLGSE',46,1,2,46.28,'N',45.51,3,3),(4,'030907JONDRI',7,2,5,43.92,'N',43.81,3,3),(4,'030907JONDRI',19,1,1,27.85,'N',26.94,4,2),(4,'030907JONDRI',41,1,5,26.7,'N',23.44,3,3),(4,'031005JACDPE',24,1,6,64.63,'N',64.94,5,1),(4,'031005JACDPE',34,1,2,74.05,'Y',NULL,NULL,NULL),(4,'031005JACDPE',44,1,2,57.59,'N',59.23,5,1),(4,'031903LOR*MU',10,2,2,37.24,'N',37.33,4,2),(4,'031903LOR*MU',16,1,6,NULL,'N',103.47,5,1),(4,'032110CARAKL',6,2,3,22.31,'N',24.45,1,6),(4,'032110CARAKL',30,1,1,38.7,'N',36.39,2,4),(4,'032110CARAKL',40,1,3,34.59,'N',38.94,2,4),(4,'032200EMI*FL',14,1,1,NULL,'N',85.61,9,0),(4,'032200EMI*FL',38,1,1,NULL,'N',104.75,5,1),(4,'032303PAOMMA',10,1,4,54.63,'N',55.03,6,0),(4,'032303PAOMMA',26,1,6,73.12,'N',69.07,4,2),(4,'040103ANG*NA',9,2,3,27.57,'N',28.2,1,6),(4,'040103ANG*NA',15,1,3,68.34,'N',68.7,1,6),(4,'040103ANG*NA',35,1,3,35.21,'N',34.01,1,6),(4,'040103ANG*NA',45,1,3,33.65,'N',31.97,1,6),(4,'040207HAN*DO',8,2,3,39.59,'N',38.33,1,6),(4,'040207HAN*DO',32,1,5,25.53,'N',25.05,1,6),(4,'040207HAN*DO',42,1,3,21.4,'N',20.39,1,6),(4,'040801BRI*DE',14,2,3,72.22,'N',72.31,3,3),(4,'040801BRI*DE',22,1,5,85.2,'N',82.9,2,4),(4,'040801BRI*DE',28,1,5,86.79,'N',86.56,4,2),(4,'041210ELLCCE',6,1,1,33.47,'N',31.72,8,0),(4,'041210ELLCCE',30,1,5,37.96,'N',43.81,3,3),(4,'041905CLA*VA',2,1,5,100.09,'N',100.52,2,4),(4,'041905CLA*VA',12,2,5,39.72,'N',39.25,3,3),(4,'041905CLA*VA',24,1,5,49.69,'N',49.19,3,3),(4,'041905CLA*VA',34,1,3,49.52,'N',49.7,1,6),(4,'042104NIC*BA',9,2,6,35.12,'N',34.96,7,0),(4,'042104NIC*BA',25,1,6,49,'N',48.33,4,2),(4,'042104NIC*BA',35,1,2,45.03,'N',42.63,3,3),(4,'042208TOM*SP',7,2,6,53.9,'N',53.09,9,0),(4,'042208TOM*SP',31,1,4,38.18,'N',34.59,3,3),(4,'042208TOM*SP',41,1,2,26.95,'N',29.64,6,0),(4,'042302NIC*SA',13,2,3,66.31,'N',65.32,2,4),(4,'042302NIC*SA',21,1,3,73.4,'N',71.6,2,4),(4,'042302NIC*SA',27,1,3,78.25,'N',77.58,2,4),(4,'042302NIC*SA',47,1,3,33.63,'N',33.45,2,4),(4,'042310ALIRRE',6,2,4,26.28,'N',28.94,5,1),(4,'042310ALIRRE',18,1,6,37.12,'N',36.08,5,1),(4,'042811LAU*YO',6,1,2,63.6,'N',39.2,12,0),(4,'050107SOFASA',8,2,6,54.83,'N',56.45,9,0),(4,'050107SOFASA',32,1,2,27.43,'N',25.64,3,3),(4,'050107SOFASA',42,1,6,29.28,'N',31.47,6,0),(4,'050603MAT*TO',9,1,3,35.76,'N',33.62,5,1),(4,'050603MAT*TO',25,1,5,44.47,'N',44.27,3,3),(4,'050603MAT*TO',35,1,1,49.43,'N',49.95,6,0),(4,'050903COL*BO',9,2,5,31.07,'N',31.7,4,2),(4,'050903COL*BO',15,1,5,87.9,'N',89.96,5,1),(4,'050903COL*BO',25,1,3,42.32,'N',42.66,2,4),(4,'050903COL*BO',45,1,5,40.31,'N',40.2,4,2),(4,'051310LOR*FL',5,2,4,34.26,'N',34.54,6,0),(4,'051310LOR*FL',17,1,4,38.97,'N',41.97,6,0),(4,'051310LOR*FL',39,1,4,43.81,'Y',NULL,NULL,NULL),(4,'051805KALABR',1,1,4,95.6,'N',96.58,3,3),(4,'051805KALABR',11,2,4,35.9,'N',37.4,4,2),(4,'051805KALABR',23,1,4,48.81,'N',52.4,4,2),(4,'051805KALABR',33,1,4,46.72,'N',46.01,1,6),(4,'051907SOP*FL',8,1,4,57.75,'N',52.17,7,0),(4,'051907SOP*FL',20,1,6,28.83,'N',29.87,5,1),(4,'052403REDAMI',16,1,4,89.37,'N',90.26,2,4),(4,'052403REDAMI',26,1,4,42.95,'N',42.64,2,4),(4,'052403REDAMI',36,1,2,51.01,'N',49.65,3,3),(4,'052403REDAMI',46,1,4,40.9,'N',38.47,2,4),(4,'052801IRE*NA',14,1,5,79.68,'N',78.2,7,0),(4,'052801IRE*NA',38,1,3,104.57,'N',101.31,4,2),(4,'061205XUNYLO',44,1,4,41.09,'N',40.99,1,6),(4,'061405JOR*LY',2,1,3,99.7,'N',99.65,1,6),(4,'061405JOR*LY',12,2,3,36.81,'N',37.89,1,6),(4,'061405JOR*LY',34,1,5,51.45,'N',50.45,2,4),(4,'061405JOR*LY',44,1,3,46.1,'N',45.07,2,4),(4,'061405SIE*LY',12,1,5,42.9,'N',42.25,6,0),(4,'061405SIE*LY',34,1,1,62.47,'N',59.27,4,2),(4,'062207PATBOR',7,1,4,63.88,'N',57.83,10,0),(4,'062207PATBOR',31,1,2,38.26,'N',35.29,4,2),(4,'062406TIM*TO',7,2,3,39.44,'N',38.32,1,6),(4,'062406TIM*TO',19,1,3,22.29,'N',22.46,1,6),(4,'062406TIM*TO',41,1,3,20.5,'N',18.52,1,6),(4,'062606KEELGR',7,1,3,47.23,'N',45.59,5,1),(4,'062606KEELGR',31,1,3,28.27,'N',26.56,1,6),(4,'070899ILCPHE',14,2,2,75.18,'N',72.95,4,2),(4,'070899ILCPHE',28,1,6,88.87,'N',86.87,5,1),(4,'070899ILCPHE',38,1,4,98.85,'N',95.25,1,6),(4,'070899ILCPHE',48,1,6,41.76,'N',39.38,5,1),(4,'070908SYDLVA',6,1,3,26.82,'N',27.96,4,2),(4,'070908SYDLVA',18,1,5,34.2,'N',34.77,4,2),(4,'071804ARI*JO',11,1,6,NULL,'N',36.75,3,3),(4,'071804ARI*JO',23,1,6,NULL,'N',48.37,3,3),(4,'071804ARI*JO',43,1,6,NULL,'N',50.68,3,3),(4,'071905PAILSM',12,2,1,39.73,'N',38.37,2,4),(4,'071905PAILSM',24,1,1,50.19,'N',47.71,2,4),(4,'071905PAILSM',44,1,1,53.03,'N',51.06,4,2),(4,'072100GABRAN',14,2,4,72.83,'N',70.97,1,6),(4,'072100GABRAN',22,1,2,89.55,'N',93.18,5,1),(4,'072100GABRAN',28,1,4,85.09,'N',83.31,1,6),(4,'072100GABRAN',48,1,2,37.88,'N',36.65,2,4),(4,'073005EMIECA',12,1,4,51.38,'N',47.65,7,0),(4,'073007MILJHI',7,2,2,51.77,'N',51.53,8,0),(4,'073007MILJHI',19,1,2,28.5,'N',29.08,6,0),(4,'073007MILJHI',31,1,6,41.97,'Y',NULL,NULL,NULL),(4,'080201MAX*CO',13,1,4,80.4,'N',81.19,6,0),(4,'080201MAX*CO',21,1,6,114.78,'N',108.46,5,1),(4,'080201MAX*CO',47,1,6,52.5,'N',43.31,4,2),(4,'080508NOA*DE',5,2,5,23.39,'N',22.33,1,6),(4,'080508NOA*DE',17,1,5,34.69,'N',32.08,2,4),(4,'080508NOA*DE',29,1,3,39.44,'N',42.78,2,4),(4,'080609AAR*OR',5,1,4,35.14,'N',33.49,5,1),(4,'080609AAR*OR',29,1,4,50.23,'N',43.61,3,3),(4,'080806JAN*LE',8,2,5,45.32,'N',43.78,4,2),(4,'080806JAN*LE',20,1,3,23.69,'N',23.16,2,4),(4,'080806JAN*LE',32,1,3,24.51,'N',25.63,2,4),(4,'081005ANTJSA',1,1,6,112.47,'N',109.25,5,1),(4,'081005ANTJSA',11,2,2,41.47,'N',45.4,6,0),(4,'081005ANTJSA',33,1,6,56.41,'N',57.28,4,2),(4,'081005ANTJSA',43,1,2,58,'Y',NULL,NULL,NULL),(4,'081810FER*MO',5,2,2,34.67,'N',37.7,7,0),(4,'081810FER*MO',17,1,6,42.52,'N',36.16,3,3),(4,'081810FER*MO',39,1,6,46.62,'N',48.33,4,2),(4,'081906AMYTSA',2,1,4,102.41,'N',104.95,4,2),(4,'081906AMYTSA',8,2,4,39.91,'N',41.73,2,4),(4,'081906AMYTSA',32,1,4,25.72,'N',28.28,4,2),(4,'081906AMYTSA',42,1,4,21.37,'N',22.04,3,3),(4,'082405GRAERI',12,1,1,NULL,'N',51.02,9,0),(4,'082500CONPMA',13,2,2,68.21,'N',69.2,3,3),(4,'082500CONPMA',21,1,2,83.93,'N',86.99,3,3),(4,'082500CONPMA',27,1,2,79.89,'N',85.63,4,2),(4,'082500CONPMA',37,1,2,101.83,'N',100.33,2,4),(4,'090409KAL*BA',6,1,4,37,'N',38.39,11,0),(4,'090409KAL*BA',30,1,6,56.08,'Y',NULL,NULL,NULL),(4,'090800KAY*BO',14,2,1,73.46,'N',73.71,5,1),(4,'090800KAY*BO',22,1,1,88.15,'N',90.96,4,2),(4,'090800KAY*BO',28,1,1,86.82,'N',91.77,6,0),(4,'090800KAY*BO',48,1,1,40.63,'N',41.71,6,0),(4,'091303ELL*ST',10,2,1,38.4,'N',37.95,5,1),(4,'091303ELL*ST',16,1,1,110.08,'N',104.39,6,0),(4,'091303ELL*ST',36,1,5,54.19,'N',54.21,4,2),(4,'091303ELL*ST',46,1,5,48.77,'N',47.28,4,2),(4,'091409FINSSM',5,1,5,39.25,'N',39.7,8,0),(4,'091709GEN*CH',18,1,2,34.89,'N',36.34,6,0),(4,'091709GEN*CH',30,1,4,43.88,'Y',NULL,NULL,NULL),(4,'091709GEN*CH',40,1,2,49.31,'N',41.2,3,3),(4,'092401SKYCBL',22,1,4,86.6,'N',84.69,3,3),(4,'092401SKYCBL',28,1,2,85.26,'N',83.78,2,4),(4,'092401SKYCBL',38,1,2,102.96,'N',100,2,4),(4,'092401SKYCBL',48,1,4,36.26,'N',36.59,1,6),(4,'092705OTT*VA',1,1,2,NULL,'Y',NULL,NULL,NULL),(4,'092705OTT*VA',11,1,2,46.6,'N',48.21,8,0),(4,'092705OTT*VA',33,1,2,NULL,'N',58.14,5,1),(4,'093009RYLJWI',6,1,5,32.38,'N',30.02,7,0),(4,'101206BRADKH',7,1,5,49.72,'N',49.12,7,0),(4,'101206BRADKH',31,1,5,31.75,'N',29.82,2,4),(4,'101410KALAMI',6,2,6,32.5,'N',31.91,9,0),(4,'101410KALAMI',30,1,2,49.73,'Y',NULL,NULL,NULL),(4,'101410KALAMI',40,1,6,51.13,'N',50.22,4,2),(4,'101604MADRKH',2,1,1,105.69,'N',104.07,3,3),(4,'101604MADRKH',12,1,3,42.25,'N',41.21,4,2),(4,'101604MADRKH',24,1,3,48.99,'N',46.88,1,6),(4,'101604MADRKH',44,1,5,50.39,'N',49.5,3,3),(4,'101807LINLYO',8,2,2,46.24,'N',41.83,3,3),(4,'101807LINLYO',20,1,4,23.56,'N',23.09,1,6),(4,'101807LINLYO',42,1,2,22.46,'N',20.83,2,4),(4,'102003CAR*LE',10,2,5,35.07,'N',34.75,3,3),(4,'102003CAR*LE',16,1,5,93.38,'N',92.78,4,2),(4,'102003CAR*LE',26,1,5,44.63,'N',43.7,3,3),(4,'102003CAR*LE',36,1,3,50.64,'N',49.53,2,4),(4,'102202ETHDPH',9,2,4,29.03,'N',28.71,2,4),(4,'102202ETHDPH',15,1,2,75.62,'N',78.56,3,3),(4,'102202ETHDPH',25,1,4,33.88,'N',33.27,1,6),(4,'102202ETHDPH',45,1,2,34.68,'N',34.82,3,3),(4,'102308CHAZSC',5,2,1,24.02,'N',27.08,3,3),(4,'102308CHAZSC',29,1,5,NULL,'N',38.82,1,6),(4,'102308CHAZSC',39,1,5,38.19,'N',38.53,2,4),(4,'102404JAC*DE',1,1,1,99.44,'N',97.34,4,2),(4,'102404JAC*DE',11,2,1,39.75,'N',37.51,5,1),(4,'102404JAC*DE',23,1,5,46.52,'N',45.83,2,4),(4,'102404JAC*DE',33,1,3,52.77,'N',50.71,3,3),(4,'102604AMEMMA',2,1,2,105.72,'N',107.21,5,1),(4,'102604AMEMMA',12,2,2,42.88,'N',41.37,5,1),(4,'102604AMEMMA',24,1,2,51.71,'N',52.9,4,2),(4,'102604AMEMMA',34,1,4,52.19,'N',51.13,3,3),(4,'102799COL*DO',13,2,5,73.27,'N',71.94,4,2),(4,'102799COL*DO',27,1,5,86.39,'N',84.46,3,3),(4,'102799COL*DO',37,1,5,108.31,'N',102.15,3,3),(4,'102799COL*DO',47,1,5,40.37,'N',35.77,3,3),(4,'102902EDSEOR',9,1,4,35.16,'N',35.46,8,0),(4,'102902EDSEOR',45,1,6,44.15,'N',45.26,6,0),(4,'110308CLASKH',6,2,1,26.65,'N',27.19,3,3),(4,'110308CLASKH',18,1,1,36.51,'N',31.22,3,3),(4,'110308CLASKH',30,1,3,31.57,'N',33.19,1,6),(4,'110699COD*MO',13,2,1,76.16,'N',75.62,5,1),(4,'110699COD*MO',21,1,5,99.22,'N',98.19,4,2),(4,'110699COD*MO',27,1,1,91.22,'N',92.2,5,1),(4,'110699COD*MO',37,1,3,107.14,'N',106.65,4,2),(4,'111905LORLSO',12,2,6,48.98,'N',49.75,8,0),(4,'111905LORLSO',44,1,6,79.46,'N',83.32,6,0),(4,'112704SEA*DO',1,1,3,83.78,'N',84,1,6),(4,'112704SEA*DO',11,2,3,32.02,'N',31.27,1,6),(4,'112704SEA*DO',23,1,3,39.88,'N',43,1,6),(4,'112704SEA*DO',43,1,3,39.95,'N',38.62,1,6),(4,'120206AND*KL',1,1,5,85.88,'N',86.47,2,4),(4,'120206AND*KL',11,2,5,34.69,'N',35.19,2,4),(4,'120206AND*KL',33,1,5,NULL,'N',49.63,2,4),(4,'120206AND*KL',43,1,5,NULL,'N',39.16,2,4),(4,'120305FRASSO',13,1,2,NULL,'N',100.48,8,0),(4,'120305FRASSO',37,1,6,NULL,'N',128.41,5,1),(4,'120599EVECBL',13,2,4,60.76,'N',60.43,1,6),(4,'120599EVECBL',21,1,4,72.59,'N',69.4,1,6),(4,'120599EVECBL',27,1,4,70.35,'N',70.26,1,6),(4,'120599EVECBL',47,1,4,29.72,'N',30.15,1,6),(4,'120600JUL*TO',14,2,5,72.97,'N',71,2,4),(4,'120600JUL*TO',22,1,3,83.83,'N',79.81,1,6),(4,'120600JUL*TO',28,1,3,85.99,'N',86.06,3,3),(4,'120600JUL*TO',48,1,3,39.04,'N',37.01,3,3),(4,'121208LAU*TU',6,2,2,27.71,'N',29.96,6,0),(4,'121208LAU*TU',18,1,4,33,'N',30.67,2,4),(4,'121208LAU*TU',40,1,4,36.22,'N',33.34,1,6),(4,'121507FRA*CO',8,1,2,NULL,'N',53.87,8,0),(4,'121507FRA*CO',20,1,2,NULL,'N',33.27,6,0),(4,'122002EUGEAY',9,1,2,36.83,'N',39.32,9,0),(4,'122002EUGEAY',15,1,6,94.75,'N',104.25,6,0),(4,'122002EUGEAY',25,1,2,47,'N',49.46,5,1),(4,'122002EUGEAY',35,1,6,47.54,'N',49.64,5,1),(4,'122003LUCMFA',9,2,1,33.76,'N',34,6,0),(4,'122003LUCMFA',15,1,1,91.02,'N',87.45,4,2),(4,'122003LUCMFA',35,1,5,46.52,'N',46.4,4,2),(4,'122003LUCMFA',45,1,1,40.96,'N',41.85,5,1),(4,'122007ZOIEGR',8,1,3,50.72,'N',51.06,6,0),(4,'122007ZOIEGR',20,1,1,26.28,'N',29.62,4,2),(4,'122007ZOIEGR',42,1,1,28.32,'N',27.12,5,1),(4,'122008TAYJOL',5,2,6,34.69,'N',44.25,9,0),(4,'122008TAYJOL',17,1,2,39.98,'N',37.63,4,2),(4,'122008TAYJOL',39,1,2,46.47,'N',43.88,3,3),(5,'010303ALA*CH',9,1,4,29.09,'N',29.29,1,6),(5,'010303ALA*CH',15,1,4,72.01,'N',71.89,1,6),(5,'010303ALA*CH',35,1,4,37.58,'N',36.65,1,6),(5,'010303ALA*CH',45,1,4,33.93,'N',33.35,1,6),(5,'010699RAM*ZA',13,2,4,58.46,'N',58.56,2,4),(5,'010699RAM*ZA',21,1,4,74.01,'N',72.15,3,3),(5,'010699RAM*ZA',27,1,4,70.55,'N',69.57,1,6),(5,'010699RAM*ZA',47,1,4,29.87,'N',29.37,1,6),(5,'011106SOPLZE',12,1,4,40.87,'N',40.7,8,0),(5,'011308NAT*LE',7,2,1,52.5,'N',52.87,5,1),(5,'011410ANG*DO',6,1,4,NULL,'Y',NULL,NULL,NULL),(5,'011607HAN*GH',8,1,2,57.82,'N',51.77,5,1),(5,'011607HAN*GH',20,1,2,32.54,'N',30.06,2,4),(5,'011607HAN*GH',32,1,2,30.97,'N',30.49,5,1),(5,'011899ASH*RA',14,2,4,74.09,'N',72.62,4,2),(5,'011899ASH*RA',28,1,4,82.51,'N',80.13,3,3),(5,'011899ASH*RA',38,1,4,92.14,'N',90.96,2,4),(5,'011899ASH*RA',48,1,4,35.43,'N',35.53,2,4),(5,'012005STAKSU',12,1,6,42.96,'N',40.51,6,0),(5,'012203ALLKWO',10,2,3,30.84,'N',30.84,1,6),(5,'012203ALLKWO',16,1,3,73.31,'N',73.77,1,6),(5,'012203ALLKWO',26,1,3,34.22,'N',34.51,1,6),(5,'012203ALLKWO',46,1,3,34.95,'N',35.03,1,6),(5,'012305EMM*SO',34,1,6,55.75,'N',52.87,5,1),(5,'020306MAT*SH',11,2,6,49.17,'N',46.94,6,0),(5,'020306MAT*SH',23,1,2,56.25,'N',55.61,4,2),(5,'020306MAT*SH',43,1,6,67.75,'Y',NULL,NULL,NULL),(5,'021106JOY*JI',2,1,2,95.31,'N',94,2,4),(5,'021106JOY*JI',12,2,2,37.16,'N',37.88,2,4),(5,'021106JOY*JI',24,1,4,47.06,'N',45.38,1,6),(5,'021106JOY*JI',34,1,2,47.23,'N',48.48,2,4),(5,'021403AME*CA',10,2,5,35.78,'N',38.05,5,1),(5,'021403AME*CA',16,1,5,88.59,'N',96.76,4,2),(5,'021403AME*CA',36,1,5,48.68,'N',50.76,3,3),(5,'021403AME*CA',46,1,5,42.31,'N',45.84,3,3),(5,'021605BEL*BA',12,1,2,42.29,'N',39.41,4,2),(5,'021605BEL*BA',44,1,2,45.94,'N',45.42,2,4),(5,'022100LOG*CO',13,2,3,58.76,'N',58.14,1,6),(5,'022100LOG*CO',21,1,3,67.47,'N',68.25,1,6),(5,'022100LOG*CO',27,1,3,68.27,'Y',NULL,NULL,NULL),(5,'022100LOG*CO',47,1,3,30.19,'N',30.21,2,4),(5,'030601GRA*CA',14,1,3,82.95,'N',86.09,5,1),(5,'030601GRA*CA',38,1,5,96.45,'N',99.47,3,3),(5,'030601GRA*CA',48,1,1,45.2,'N',45.51,4,2),(5,'031105RAC*WA',12,2,6,38.97,'N',39.99,5,1),(5,'031105RAC*WA',24,1,2,48.64,'N',46.5,2,4),(5,'031105RAC*WA',44,1,6,50.91,'N',53.57,4,2),(5,'031205MAY*RA',12,1,5,NULL,'N',45.13,10,0),(5,'031205MAY*RA',24,1,5,NULL,'N',66.9,6,0),(5,'031205MAY*RA',44,1,1,NULL,'Y',NULL,NULL,NULL),(5,'031208DORCWA',8,1,6,65.28,'N',57.62,7,0),(5,'031208DORCWA',20,1,6,35.94,'N',33.44,3,3),(5,'031208DORCWA',42,1,6,NULL,'N',40.24,6,0),(5,'031801MAR*WE',13,2,1,63,'N',64.62,4,2),(5,'031801MAR*WE',37,1,5,83.69,'N',89.96,2,4),(5,'031801MAR*WE',47,1,1,34.19,'N',36.66,4,2),(5,'032208ANT*UR',7,2,5,51.46,'N',45.33,2,4),(5,'032208ANT*UR',41,1,5,30.62,'N',26.31,4,2),(5,'032508STE*SH',8,1,4,51.63,'N',50.02,4,2),(5,'032508STE*SH',20,1,4,NULL,'N',26.3,1,6),(5,'032707JOH*CA',1,1,5,93.53,'N',97.84,4,2),(5,'032707JOH*CA',19,1,3,20.46,'N',21.43,2,4),(5,'032707JOH*CA',31,1,3,23.31,'N',24.06,3,3),(5,'032707JOH*CA',41,1,3,19.27,'N',20.23,2,4),(5,'032708KYR*MC',8,1,5,NULL,'N',61.78,8,0),(5,'032708KYR*MC',20,1,3,33.75,'N',33.59,4,2),(5,'032708KYR*MC',42,1,5,36.33,'N',34.55,4,2),(5,'040509EVAWWU',6,2,2,21.78,'N',23.14,2,4),(5,'040509EVAWWU',18,1,4,25.62,'N',24.59,1,6),(5,'040509EVAWWU',40,1,2,29.45,'N',26.5,2,4),(5,'040909BRA*WO',6,2,5,28.08,'N',29.46,4,2),(5,'040909BRA*WO',40,1,3,NULL,'N',36.05,3,3),(5,'041810DIM*RE',5,2,5,31.05,'N',31.4,8,0),(5,'041810DIM*RE',17,1,3,33.37,'N',37.68,3,3),(5,'041810DIM*RE',29,1,5,43.06,'Y',NULL,NULL,NULL),(5,'041810IOA*RE',5,2,1,32.1,'N',30.81,7,0),(5,'041810IOA*RE',17,1,5,36.01,'N',40.53,5,1),(5,'041909SUR*ZH',6,2,6,32.18,'N',31.06,6,0),(5,'042401MAY*WI',14,2,1,69.57,'N',71.43,3,3),(5,'042401MAY*WI',22,1,1,83.07,'N',83.41,3,3),(5,'042401MAY*WI',28,1,1,84.35,'N',86.39,4,2),(5,'042401MAY*WI',48,1,5,39.12,'N',40.54,3,3),(5,'042705GEO*OH',9,1,3,44.28,'N',44.08,4,2),(5,'042705GEO*OH',35,1,3,68.44,'N',71.9,3,3),(5,'043009MAR*LY',6,1,5,30.33,'N',33.46,8,0),(5,'043009MAR*LY',30,1,1,NULL,'Y',NULL,NULL,NULL),(5,'043009MAR*LY',40,1,1,NULL,'Y',NULL,NULL,NULL),(5,'051608CAT*YA',8,2,2,49.15,'N',47.38,3,3),(5,'051608CAT*YA',32,1,6,31.34,'N',27.7,4,2),(5,'051608CAT*YA',42,1,2,23.53,'N',24.71,3,3),(5,'051803RUN*CU',9,1,6,35.83,'N',36.99,3,3),(5,'051803RUN*CU',15,1,6,104,'N',96.41,3,3),(5,'051803RUN*CU',25,1,2,44.08,'N',43.94,2,4),(5,'051803RUN*CU',35,1,2,53.76,'N',52.91,2,4),(5,'051907EMM*ST',2,1,5,117.17,'N',114.84,4,2),(5,'051907EMM*ST',8,2,3,44,'N',43.81,2,4),(5,'051907EMM*ST',32,1,3,26.58,'N',26.51,2,4),(5,'051907EMM*ST',42,1,3,25.44,'N',24.5,2,4),(5,'052401JUL*MA',14,2,5,69.21,'N',70.89,2,4),(5,'052401JUL*MA',22,1,5,77.65,'N',77.68,2,4),(5,'052401JUL*MA',28,1,5,78.01,'N',79.28,2,4),(5,'052401JUL*MA',38,1,3,86.16,'N',88.73,1,6),(5,'052412HAN*HU',6,1,6,NULL,'N',54.39,10,0),(5,'052905AMA*MI',2,1,1,145.03,'N',123.9,5,1),(5,'052905AMA*MI',12,2,1,43.1,'N',49.47,11,0),(5,'052905AMA*MI',44,1,5,81.34,'N',55.15,5,1),(5,'052908CRI*GA',7,2,3,48.1,'N',46.66,3,3),(5,'052908CRI*GA',31,1,5,30.69,'N',33.85,4,2),(5,'053100CAR*DU',14,2,3,66.92,'N',67.06,1,6),(5,'053100CAR*DU',22,1,3,74.26,'N',75.94,1,6),(5,'053100CAR*DU',28,1,3,77.16,'N',77.81,1,6),(5,'053100CAR*DU',48,1,3,33.34,'N',33.88,1,6),(5,'060707CHA*RO',8,1,1,NULL,'N',77.9,11,0),(5,'061504NEL*LE',1,1,1,105.33,'N',103.85,5,1),(5,'061504NEL*LE',11,2,5,39.85,'N',39.51,4,2),(5,'061504NEL*LE',23,1,3,51,'N',49.91,3,3),(5,'061504NEL*LE',43,1,5,55.28,'N',49,3,3),(5,'061805AVE*WA',12,2,3,39.2,'N',38.46,3,3),(5,'061805AVE*WA',24,1,3,49.66,'N',47.37,3,3),(5,'061805AVE*WA',34,1,3,51.25,'N',51.37,3,3),(5,'062306ABHMGA',7,2,2,72.95,'N',66.81,8,0),(5,'062306ABHMGA',19,1,2,40.26,'N',38.81,5,1),(5,'062306ABHMGA',31,1,2,39.83,'N',38.44,5,1),(5,'062808ALE*WA',18,1,3,31.26,'N',30.79,2,4),(5,'062808ALE*WA',30,1,3,36.45,'N',38.54,2,4),(5,'070106DAV*KA',1,1,3,87.38,'N',87.33,3,3),(5,'070106DAV*KA',19,1,1,NULL,'N',19.35,1,6),(5,'070106DAV*KA',31,1,1,NULL,'N',21.25,1,6),(5,'070106DAV*KA',41,1,1,NULL,'N',17.67,1,6),(5,'071003MAD*KE',10,1,5,38.32,'N',38.12,6,0),(5,'071003MAD*KE',26,1,5,48.22,'N',46.17,3,3),(5,'071003MAD*KE',46,1,1,49.75,'N',47.59,4,2),(5,'071107ANI*MA',8,1,3,73.65,'N',72.51,10,0),(5,'071107ANI*MA',20,1,1,40.05,'N',35.31,6,0),(5,'071107ANI*MA',32,1,1,38.39,'N',36.99,6,0),(5,'071705ADR*UR',12,1,3,46.53,'N',41.72,9,0),(5,'071705ADR*UR',24,1,1,NULL,'N',59.07,5,1),(5,'071705ADR*UR',44,1,3,51.66,'N',48.12,3,3),(5,'072211KATIRE',6,1,2,NULL,'N',49.11,9,0),(5,'072211KATIRE',18,1,2,40.75,'N',40.42,4,2),(5,'072211KATIRE',30,1,6,NULL,'Y',NULL,NULL,NULL),(5,'072409BENHRE',5,2,2,23.84,'N',24.99,3,3),(5,'072409BENHRE',17,1,2,44.76,'N',38.89,4,2),(5,'072409BENHRE',39,1,2,39.18,'N',38,3,3),(5,'072702AVA*ZH',10,2,4,32.5,'N',34.65,2,4),(5,'072702AVA*ZH',16,1,4,83.63,'N',90.4,2,4),(5,'072702AVA*ZH',36,1,4,43.96,'N',46.14,2,4),(5,'072702AVA*ZH',46,1,4,37.19,'N',40.32,2,4),(5,'072908OLI*WA',5,1,3,33.28,'N',25.66,4,2),(5,'072908OLI*WA',29,1,3,29.08,'N',27.36,1,6),(5,'073102BRE*HO',10,1,3,37.78,'N',37.18,3,3),(5,'073102BRE*HO',26,1,1,NULL,'N',44.82,2,4),(5,'073102BRE*HO',36,1,1,NULL,'Y',NULL,NULL,NULL),(5,'080308AND*CH',6,2,4,21.28,'N',20.61,1,6),(5,'080308AND*CH',30,1,4,29.2,'N',27.22,1,6),(5,'080308AND*CH',40,1,4,25.59,'N',24.09,1,6),(5,'081004VANKGA',10,2,6,62.45,'N',60.19,8,0),(5,'081004VANKGA',26,1,2,96.4,'N',79.75,5,1),(5,'081004VANKGA',36,1,6,NULL,'N',66.15,4,2),(5,'081109JUSCJI',5,1,2,37.85,'N',27.12,6,0),(5,'081109JUSCJI',29,1,4,40.04,'N',32.83,2,4),(5,'081109JUSCJI',39,1,6,NULL,'Y',NULL,NULL,NULL),(5,'081207COLPKN',7,1,3,56.68,'N',54.55,6,0),(5,'081207JAYEKN',8,2,5,54.81,'N',57.54,6,0),(5,'081207JAYEKN',32,1,5,28.02,'N',27.56,3,3),(5,'081207JAYEKN',42,1,1,NULL,'N',36,5,1),(5,'081405THE*MA',11,2,1,42.26,'N',41.33,5,1),(5,'081405THE*MA',23,1,5,NULL,'N',49.09,2,4),(5,'081405THE*MA',33,1,5,51.02,'N',52.24,3,3),(5,'082302RYA*CH',9,1,2,30.05,'N',30.09,2,4),(5,'082302RYA*CH',15,1,2,75.45,'N',80.56,2,4),(5,'082302RYA*CH',25,1,4,35.51,'N',35.52,1,6),(5,'082302RYA*CH',45,1,2,35.28,'N',34.68,2,4),(5,'082508AIDESO',5,1,4,32.94,'N',32.61,10,0),(5,'082508AIDESO',17,1,6,51.52,'N',50.07,6,0),(5,'082508AIDESO',29,1,6,NULL,'N',44.16,4,2),(5,'090408ROHPGA',5,2,6,27.59,'N',31.94,9,0),(5,'090408ROHPGA',29,1,2,NULL,'Y',NULL,NULL,NULL),(5,'090508ERI*CH',5,2,4,23,'N',23.57,2,4),(5,'090508ERI*CH',17,1,4,28.54,'N',26.72,1,6),(5,'090508ERI*CH',39,1,4,30.64,'N',30.37,1,6),(5,'090707JAC*WO',7,1,1,NULL,'N',50.56,4,2),(5,'090707JAC*WO',19,1,5,29.65,'N',28.56,3,3),(5,'091008MAL*DU',6,2,1,28.28,'N',30.79,5,1),(5,'091008MAL*DU',30,1,5,39.53,'N',50.34,3,3),(5,'091603JEAMKI',10,2,2,41.46,'N',42.98,7,0),(5,'091603JEAMKI',16,1,2,NULL,'N',116.29,5,1),(5,'091603JEAMKI',26,1,4,53.62,'N',59.88,4,2),(5,'091603JEAMKI',36,1,2,54.72,'Y',NULL,NULL,NULL),(5,'091604EVA*CH',1,1,4,84.09,'N',83.87,1,6),(5,'091604EVA*CH',11,2,4,33.82,'N',33,1,6),(5,'091604EVA*CH',23,1,4,42.75,'N',42.15,1,6),(5,'091604EVA*CH',43,1,4,39.16,'N',40.15,1,6),(5,'091607RYA*YO',7,1,5,63.18,'N',57.38,7,0),(5,'091707SOPMLI',8,2,4,40.46,'N',40.21,1,6),(5,'091707SOPMLI',32,1,4,26.06,'N',24.34,1,6),(5,'091707SOPMLI',42,1,4,20.56,'N',19.84,1,6),(5,'092109SEB*GA',5,2,3,30.41,'N',26.97,5,1),(5,'092109SEB*GA',17,1,1,37.88,'N',36,2,4),(5,'092109SEB*GA',39,1,3,41.65,'Y',NULL,NULL,NULL),(5,'100308ALA*GL',6,1,3,28.53,'N',29.37,3,3),(5,'100308ALA*GL',18,1,5,34.32,'N',32.25,3,3),(5,'100308ALA*GL',40,1,5,NULL,'Y',NULL,NULL,NULL),(5,'100404MEL*CO',2,1,3,114.45,'Y',NULL,NULL,NULL),(5,'100404MEL*CO',34,1,5,51.7,'N',52.42,4,2),(5,'101204ETH*FU',11,2,3,34.27,'N',33.71,3,3),(5,'101204ETH*FU',33,1,3,45.62,'N',43.13,1,6),(5,'101204ETH*FU',43,1,3,44.08,'N',43.54,2,4),(5,'101210MAZ*MI',6,1,1,NULL,'N',32.94,7,0),(5,'101508DYLANO',5,1,5,NULL,'N',21.45,1,6),(5,'101508DYLANO',29,1,1,NULL,'N',41.59,3,3),(5,'101508DYLANO',39,1,5,NULL,'N',30.81,2,4),(5,'102298AND*DU',13,2,5,62.31,'N',63.82,3,3),(5,'102298AND*DU',21,1,5,70.81,'N',69.8,2,4),(5,'102298AND*DU',27,1,5,73.25,'N',75.18,3,3),(5,'102298AND*DU',47,1,5,30.5,'N',30.83,3,3),(5,'110305TIA*YA',2,1,6,107.08,'N',105.55,3,3),(5,'110305TIA*YA',24,1,6,49.25,'N',49.4,4,2),(5,'110309MAD*RO',18,1,1,52.28,'N',46.18,5,1),(5,'111000JUSLWO',13,1,3,65.45,'N',64.87,5,1),(5,'111000JUSLWO',21,1,1,82.53,'N',82.46,4,2),(5,'111000JUSLWO',27,1,1,74.09,'N',72.9,2,4),(5,'111000JUSLWO',37,1,3,79.08,'N',78.9,1,6),(5,'111402EMM*BA',10,2,1,37.63,'N',37.92,4,2),(5,'111402EMM*BA',16,1,1,93.84,'N',94.5,3,3),(5,'111402EMM*BA',36,1,3,45.89,'N',45.42,1,6),(5,'111407ALEPBA',1,1,6,107.53,'N',106.34,6,0),(5,'111407ALEPBA',7,2,4,43.11,'N',42.18,1,6),(5,'111407ALEPBA',31,1,4,23.99,'N',23.31,2,4),(5,'111407ALEPBA',41,1,4,21.65,'N',21.82,3,3),(5,'111507ERI*SH',7,2,6,83.84,'N',69.6,9,0),(5,'111507ERI*SH',19,1,4,38.53,'N',34.72,4,2),(5,'111507ERI*SH',41,1,2,50.03,'Y',NULL,NULL,NULL),(5,'111999SHE*BH',14,2,2,96.07,'N',96.53,6,0),(5,'111999SHE*BH',22,1,4,142.5,'N',140.26,4,2),(5,'111999SHE*BH',28,1,2,111.54,'N',111.74,5,1),(5,'111999SHE*BH',38,1,2,119.83,'N',115.31,4,2),(5,'120410RYA*HU',5,1,6,NULL,'N',44.74,11,0),(5,'120604JUN*DO',12,2,5,39.87,'N',40.62,7,0),(5,'120604JUN*DO',34,1,1,65.87,'N',57.7,6,0),(5,'121106JUL*DU',8,2,1,64.13,'N',61.84,9,0),(5,'121106JUL*DU',20,1,5,38,'N',34.33,5,1),(5,'122404SOP*ZH',2,1,4,83.19,'N',81.07,1,6),(5,'122404SOP*ZH',12,2,4,32.84,'N',32.18,1,6),(5,'122404SOP*ZH',34,1,4,42.52,'N',41.41,1,6),(5,'122404SOP*ZH',44,1,4,36.43,'N',35.31,1,6),(5,'123105YUA*CU',1,1,2,88.77,'N',87.22,2,4),(5,'123105YUA*CU',11,2,2,34.94,'N',33.22,2,4),(5,'123105YUA*CU',33,1,4,50.33,'N',48.69,2,4),(5,'123105YUA*CU',43,1,2,41.59,'Y',NULL,NULL,NULL),(6,'010206JAI*GU',11,1,2,56.65,'N',56.28,11,0),(6,'010206JAI*GU',23,1,6,66.77,'Y',NULL,NULL,NULL),(6,'010303ARR*MA',35,1,5,44.13,'N',43.02,1,6),(6,'010303CAMMPA',10,1,2,44.78,'N',42.69,8,0),(6,'010303CAMMPA',16,1,1,107.07,'N',107.6,6,0),(6,'010303CAMMPA',36,1,5,50.9,'N',49.18,4,2),(6,'010610GOW*CH',6,1,4,38.87,'N',37.19,7,0),(6,'011207AXEFBA',7,2,5,41.49,'N',38.25,2,4),(6,'011207AXEFBA',19,1,1,23.26,'N',24.08,4,2),(6,'011207AXEFBA',31,1,5,24.5,'N',23.46,2,4),(6,'011210EMM*GR',5,1,3,37.94,'N',36.74,4,2),(6,'011210EMM*GR',29,1,5,NULL,'Y',NULL,NULL,NULL),(6,'011705MIG*AV',11,1,3,47.89,'N',46.57,9,0),(6,'011905RIE*WA',11,2,6,41.77,'N',42.86,5,1),(6,'011905RIE*WA',33,1,6,56.88,'Y',NULL,NULL,NULL),(6,'011905RIE*WA',43,1,6,66.15,'N',61.9,6,0),(6,'012308ALE*CH',1,1,5,100.38,'N',100.38,3,3),(6,'012308ALE*CH',19,1,5,21.56,'N',20.68,1,6),(6,'012308ALE*CH',31,1,3,24.29,'N',23.41,1,6),(6,'012308ALE*CH',41,1,5,18.78,'N',19.9,3,3),(6,'012503HRI*TA',10,1,3,41.61,'N',38.7,5,1),(6,'012503HRI*TA',36,1,1,58.15,'N',57.4,6,0),(6,'012705TYLJCO',1,1,4,84.93,'N',86.5,1,6),(6,'012705TYLJCO',11,2,4,31.37,'N',31.59,1,6),(6,'012705TYLJCO',23,1,4,42.21,'N',41.65,1,6),(6,'012705TYLJCO',43,1,4,38.97,'N',39.38,1,6),(6,'012805MARMGA',13,2,2,NULL,'N',84.47,7,0),(6,'012805MARMGA',27,1,2,NULL,'N',96.89,5,1),(6,'012805MARMGA',37,1,2,NULL,'N',106.39,5,1),(6,'012805MARMGA',47,1,6,NULL,'N',47.77,5,1),(6,'013100JUA*RA',13,2,3,59.47,'N',59.06,1,6),(6,'013100JUA*RA',21,1,3,70.78,'N',71.4,1,6),(6,'013100JUA*RA',27,1,3,67.88,'N',71.2,1,6),(6,'013100JUA*RA',47,1,3,28.52,'N',29,1,6),(6,'020305DAVHCL',11,1,5,49.41,'N',43.96,6,0),(6,'020305DAVHCL',23,1,5,57.33,'N',55.76,4,2),(6,'020305DAVHCL',33,1,1,53.88,'N',51.34,3,3),(6,'020503SUB*SU',9,1,3,36.48,'N',37.15,6,0),(6,'020910MAD*MA',6,1,3,34.58,'N',33.72,6,0),(6,'021311JOHAJA',5,2,1,73,'N',74.14,9,0),(6,'021410THO*SZ',5,2,2,29.99,'N',30.71,3,3),(6,'021410THO*SZ',29,1,4,38.4,'N',39.87,2,4),(6,'021410THO*SZ',39,1,2,45.65,'Y',NULL,NULL,NULL),(6,'022203ANYRBI',10,2,6,38.52,'N',37.69,3,3),(6,'022203ANYRBI',16,1,6,101.23,'N',97.28,4,2),(6,'022203ANYRBI',26,1,2,45.53,'N',46.4,4,2),(6,'022203ANYRBI',46,1,6,49.63,'N',45.53,4,2),(6,'022310ARI*SA',6,2,1,25.79,'N',25.97,3,3),(6,'022310ARI*SA',18,1,5,33,'N',31.9,3,3),(6,'022310ARI*SA',40,1,5,30.57,'N',28.62,2,4),(6,'022607ALIAJO',8,1,3,53.18,'N',56.46,4,2),(6,'022607ALIAJO',32,1,5,38.47,'N',37.82,6,0),(6,'022607ALIAJO',42,1,5,37.01,'N',35.5,5,1),(6,'022608MAS*GA',19,1,4,21.55,'N',21.35,2,4),(6,'022608MAS*GA',31,1,4,26.86,'N',26.83,4,2),(6,'022608MAS*GA',41,1,2,25.94,'N',24.46,5,1),(6,'022805RACCRE',2,1,4,98.89,'N',100.5,4,2),(6,'022805RACCRE',24,1,4,47.26,'N',48.39,3,3),(6,'022805RACCRE',34,1,4,49.66,'N',49.59,3,3),(6,'022805RACCRE',44,1,4,43.89,'N',44.63,3,3),(6,'030901JACMGE',21,1,5,90.87,'N',89.07,4,2),(6,'030901JACMGE',27,1,5,84.07,'N',84,3,3),(6,'030901JACMGE',37,1,3,95.58,'N',93.21,2,4),(6,'030901JACMGE',47,1,5,34.58,'N',35.25,3,3),(6,'030999MERLMU',14,1,4,75.06,'N',74.57,2,4),(6,'030999MERLMU',22,1,4,95.13,'N',98.2,2,4),(6,'030999MERLMU',28,1,4,90.74,'N',89.15,2,4),(6,'030999MERLMU',48,1,4,40.88,'N',37.38,2,4),(6,'031106DHI*VA',11,1,6,62.44,'N',64,12,0),(6,'031299WILTQU',21,1,2,92.44,'N',84.51,3,3),(6,'031299WILTQU',27,1,4,85.45,'N',79.84,2,4),(6,'031299WILTQU',37,1,4,98.51,'N',90.01,1,6),(6,'031299WILTQU',47,1,2,41.1,'Y',NULL,NULL,NULL),(6,'031506SACRBI',1,1,2,104.36,'Y',NULL,NULL,NULL),(6,'031506SACRBI',11,1,4,44.31,'N',42.79,4,2),(6,'031506SACRBI',33,1,2,52.89,'N',52.26,4,2),(6,'031506SACRBI',43,1,2,53.62,'N',51.63,4,2),(6,'031808XAV*MA',7,2,6,62.72,'N',59.78,8,0),(6,'031900ANNIMA',14,1,5,80.46,'N',79.65,3,3),(6,'031900ANNIMA',28,1,5,95.59,'N',92.91,4,2),(6,'031900ANNIMA',38,1,3,93.87,'N',93.41,1,6),(6,'031900ANNIMA',48,1,5,44.74,'N',43.68,4,2),(6,'032111DEGNRA',5,2,5,40.59,'N',37.19,5,1),(6,'032111DEGNRA',17,1,1,50.34,'N',52.02,6,0),(6,'032601CARMKI',14,1,1,96.32,'N',101.33,6,0),(6,'032601CARMKI',28,1,1,113.9,'N',110.45,5,1),(6,'032601CARMKI',38,1,5,117.26,'N',109.83,2,4),(6,'032601CARMKI',48,1,1,59.7,'N',55.56,6,0),(6,'032906PETWSO',11,2,1,46.06,'N',44.9,7,0),(6,'032906WILDJA',11,1,1,49.76,'N',50.12,10,0),(6,'040899JULMCA',14,1,6,90.72,'N',90.51,5,1),(6,'040899JULMCA',22,1,2,128.21,'N',118.5,4,2),(6,'040899JULMCA',48,1,6,51,'N',51.84,5,1),(6,'042106LANJHE',12,1,3,38.53,'N',38.7,6,0),(6,'042106LANJHE',24,1,1,49.23,'N',48.63,4,2),(6,'042303JUSJGO',9,1,4,36.67,'N',34.77,5,1),(6,'042808SHR*GH',7,1,3,42.53,'N',43.6,4,2),(6,'042808SHR*GH',31,1,1,26.71,'N',26.81,3,3),(6,'043007RYA*PA',7,2,1,42.21,'N',45.12,6,0),(6,'043007RYA*PA',41,1,1,21.35,'N',21.06,4,2),(6,'050808CHR*BO',7,1,1,88.57,'N',84.45,10,0),(6,'052101ZEEMAN',13,2,1,75.2,'N',78.39,4,2),(6,'052101ZEEMAN',27,1,1,88.62,'N',91.4,4,2),(6,'052101ZEEMAN',37,1,5,97.64,'N',94.08,4,2),(6,'052599SAM*BR',13,2,4,64.58,'N',64.41,2,4),(6,'052599SAM*BR',21,1,4,82.95,'N',81.19,2,4),(6,'052599SAM*BR',47,1,4,30.56,'N',30.72,2,4),(6,'052808KYL*LI',7,2,2,53.59,'N',56.19,7,0),(6,'052808KYL*LI',31,1,2,31.59,'N',30.06,5,1),(6,'052808KYL*LI',41,1,6,31.77,'N',30.27,6,0),(6,'060204ABI*BE',2,1,3,87.41,'N',86.66,1,6),(6,'060204ABI*BE',12,2,3,34.96,'N',34.77,1,6),(6,'060204ABI*BE',34,1,3,44.99,'N',44.18,1,6),(6,'060204ABI*BE',44,1,5,41.86,'N',38.64,1,6),(6,'060403LAUJSE',10,2,4,34.32,'N',33.81,1,6),(6,'060403LAUJSE',16,1,2,86.13,'N',86.84,2,4),(6,'060403LAUJSE',36,1,2,42.18,'N',40.8,2,4),(6,'060403LAUJSE',46,1,2,39.18,'N',38.67,2,4),(6,'060505GARQHE',11,2,2,36.78,'N',37.04,2,4),(6,'060505GARQHE',23,1,2,45.09,'N',45.51,2,4),(6,'060505GARQHE',33,1,4,47.64,'N',47.4,1,6),(6,'061602NICABA',10,2,3,34.82,'N',34.19,2,4),(6,'061602NICABA',16,1,3,91.2,'N',90.95,3,3),(6,'061602NICABA',26,1,3,42.6,'N',43.01,2,4),(6,'061602NICABA',46,1,3,41.23,'N',41.85,3,3),(6,'062003IVADSO',9,2,1,34.55,'N',34.06,4,2),(6,'062003IVADSO',25,1,1,42.76,'N',42.83,4,2),(6,'062003IVADSO',45,1,1,40.95,'N',41.13,4,2),(6,'062005AURRCH',2,1,5,91.75,'N',92.84,3,3),(6,'062005AURRCH',12,2,5,36.55,'N',37.19,3,3),(6,'062005AURRCH',24,1,3,42.78,'N',46.16,2,4),(6,'062005AURRCH',34,1,5,49.06,'N',50.34,4,2),(6,'062007ANY*TO',8,1,4,45.54,'N',44.94,1,6),(6,'062007ANY*TO',20,1,4,25.41,'N',25.88,2,4),(6,'062007ANY*TO',32,1,2,28.76,'N',27.78,1,6),(6,'063005OCETBA',12,1,4,39.69,'N',38.32,5,1),(6,'070207EMR*WR',7,1,4,65.77,'N',72.24,9,0),(6,'070207EMR*WR',19,1,6,32.9,'N',31.19,6,0),(6,'070207EMR*WR',31,1,6,40.5,'N',38.01,6,0),(6,'072209PET*ZH',5,2,3,27.21,'N',28.52,2,4),(6,'072209PET*ZH',17,1,5,36.06,'N',37.15,3,3),(6,'072706SOP*ES',8,1,5,58.44,'N',57.27,5,1),(6,'072706SOP*ES',20,1,5,33.55,'N',38.94,5,1),(6,'072706SOP*ES',32,1,1,53.55,'N',37.16,5,1),(6,'073005LEE*CH',12,2,1,38.16,'N',36.77,2,4),(6,'073005LEE*CH',24,1,5,44.91,'N',44.57,1,6),(6,'073005LEE*CH',44,1,3,41.76,'N',39.25,2,4),(6,'080703MARECA',10,2,5,37.47,'N',40.66,7,0),(6,'080703MARECA',26,1,5,46.05,'N',45.34,3,3),(6,'080703MARECA',46,1,1,49.07,'N',51.02,6,0),(6,'080907OLISRE',8,1,1,49.97,'N',51.45,3,3),(6,'080907OLISRE',32,1,6,29.26,'N',30.99,4,2),(6,'080907OLISRE',42,1,1,30.99,'N',30.56,3,3),(6,'081806EMAPJA',20,1,3,24.01,'N',23.03,1,6),(6,'081806EMAPJA',32,1,3,26.33,'N',27.94,3,3),(6,'081806EMAPJA',42,1,3,21.88,'N',23.63,1,6),(6,'082904BELVGE',2,1,1,94.28,'N',92.33,2,4),(6,'082904BELVGE',12,2,6,38.24,'N',37.21,4,2),(6,'082904BELVGE',34,1,1,50.52,'N',49.03,2,4),(6,'083105JOSELO',1,1,3,96.25,'N',93.81,2,4),(6,'083105JOSELO',23,1,3,47.6,'N',46.4,3,3),(6,'083105JOSELO',33,1,3,50.68,'N',48.4,2,4),(6,'083105JOSELO',43,1,3,43.58,'N',44.28,2,4),(6,'090107BRYGRO',2,1,2,NULL,'N',117.97,5,1),(6,'090107BRYGRO',20,1,2,26.27,'N',25.9,3,3),(6,'090107BRYGRO',32,1,4,25.98,'N',27.87,2,4),(6,'090107BRYGRO',42,1,4,26.26,'N',28.99,2,4),(6,'090308CAT*BU',2,1,6,NULL,'Y',NULL,NULL,NULL),(6,'090308CAT*BU',6,2,4,23.59,'N',24.13,2,4),(6,'090308CAT*BU',18,1,4,26.62,'N',26.5,1,6),(6,'090308CAT*BU',30,1,2,30.67,'N',31.22,1,6),(6,'090503ALARGE',10,1,4,41.81,'N',43.22,9,0),(6,'090503ALARGE',26,1,1,51.25,'N',50.5,5,1),(6,'091008MAN*TA',17,1,3,23.87,'N',25.71,1,6),(6,'091008MAN*TA',29,1,3,27.88,'N',28.64,1,6),(6,'091008MAN*TA',39,1,3,24.25,'N',25.25,1,6),(6,'091009SAM*RO',6,2,2,25.4,'N',27.53,4,2),(6,'091009SAM*RO',30,1,4,30.34,'N',32.21,2,4),(6,'091009SAM*RO',40,1,4,29.16,'N',30,3,3),(6,'091106DIEFRA',1,1,1,106.06,'N',100.58,4,2),(6,'091106DIEFRA',7,2,3,38.52,'N',37.33,1,6),(6,'091106DIEFRA',19,1,3,21.45,'N',21.9,3,3),(6,'091106DIEFRA',41,1,3,18.65,'N',18.84,1,6),(6,'091107CYR*SA',7,1,2,79.81,'N',88.03,11,0),(6,'092108ISA*TR',18,1,2,32.19,'N',28.1,2,4),(6,'092108ISA*TR',30,1,5,35.26,'N',32.81,4,2),(6,'092108ISA*TR',40,1,2,30.3,'N',28.27,1,6),(6,'092202ESH*LU',9,2,2,37.97,'Y',NULL,NULL,NULL),(6,'092202ESH*LU',15,1,2,95.72,'N',97.47,5,1),(6,'092202ESH*LU',25,1,2,48.25,'N',46.26,5,1),(6,'092202ESH*LU',35,1,4,45.36,'N',47.12,4,2),(6,'092798SAYHVA',14,1,3,65.44,'N',66.41,1,6),(6,'092798SAYHVA',22,1,3,82.12,'N',82.2,1,6),(6,'092798SAYHVA',28,1,3,75.57,'N',78.9,1,6),(6,'092798SAYHVA',48,1,3,32.26,'N',32.89,1,6),(6,'100199RAGLFE',22,1,5,NULL,'N',114.9,3,3),(6,'100199RAGLFE',38,1,4,NULL,'N',116.52,4,2),(6,'101002MER*HE',10,2,2,37.5,'N',37.9,4,2),(6,'101002MER*HE',26,1,6,51.92,'N',52.83,6,0),(6,'101002MER*HE',36,1,6,52.5,'N',50.9,5,1),(6,'101504MARCPA',11,2,3,40.51,'N',39.15,3,3),(6,'101504MARCPA',33,1,5,53.84,'N',54.59,5,1),(6,'101504MARCPA',43,1,5,49.34,'N',47.78,3,3),(6,'101810ALE*RE',6,2,6,30.19,'N',31.82,5,1),(6,'102208LILTJA',6,2,3,25.39,'N',23.64,1,6),(6,'102208LILTJA',30,1,3,35.97,'N',32.78,3,3),(6,'102208LILTJA',40,1,3,36.88,'N',34.69,4,2),(6,'102208LOR*RI',5,2,6,33.11,'N',40.56,7,0),(6,'102208LOR*RI',17,1,4,39.68,'N',36.99,2,4),(6,'102208LOR*RI',39,1,5,48.39,'N',45.59,2,4),(6,'102400GRACHE',14,1,2,84.75,'N',82.04,4,2),(6,'102400GRACHE',28,1,2,NULL,'N',91.46,3,3),(6,'102400GRACHE',38,1,2,NULL,'N',115.59,3,3),(6,'102400GRACHE',48,1,2,43.56,'N',40.66,3,3),(6,'102802CHRMFE',15,1,5,86.01,'N',84.51,3,3),(6,'102802CHRMFE',25,1,5,42.18,'N',42.65,3,3),(6,'102802CHRMFE',35,1,3,43.89,'N',43.6,2,4),(6,'102802CHRMFE',45,1,5,36.35,'N',35.95,3,3),(6,'110402MIKBFE',9,2,4,30.58,'N',31.15,2,4),(6,'110402MIKBFE',15,1,4,80.6,'N',80.52,2,4),(6,'110402MIKBFE',25,1,4,36.16,'N',36.14,1,6),(6,'110402MIKBFE',45,1,4,34.14,'N',34.28,2,4),(6,'110410ALERBA',6,2,5,NULL,'N',38.88,8,0),(6,'110410ALERBA',18,1,3,NULL,'N',49.78,4,2),(6,'110503SHA*PA',9,1,2,37,'N',37.16,7,0),(6,'110508DEN*WR',5,2,4,28.58,'N',28.34,1,6),(6,'110508DEN*WR',17,1,6,43.62,'N',38.15,4,2),(6,'110508DEN*WR',39,1,4,37.15,'Y',NULL,NULL,NULL),(6,'110802ALE*BR',9,2,5,33.04,'N',33.25,3,3),(6,'110802ALE*BR',15,1,1,91.15,'N',87.82,4,2),(6,'110802ALE*BR',35,1,1,46.32,'N',46.19,3,3),(6,'110802BRIAHE',9,2,3,30.41,'N',30.09,1,6),(6,'110802BRIAHE',15,1,3,84.62,'N',80.27,1,6),(6,'110802BRIAHE',25,1,3,39.31,'N',37.77,2,4),(6,'110802BRIAHE',45,1,3,34.26,'N',32.6,1,6),(6,'111307CULARA',7,1,5,48.95,'N',44.53,5,1),(6,'112100AKH*GU',13,2,6,75.55,'N',78.44,5,1),(6,'112100AKH*GU',47,1,1,40.04,'N',40.25,4,2),(6,'112106DAVISE',1,1,6,117.24,'N',110.7,5,1),(6,'112106DAVISE',7,2,4,40.77,'N',38.28,3,3),(6,'112106DAVISE',19,1,2,26.57,'N',24.83,5,1),(6,'112106DAVISE',41,1,4,20.73,'N',19.69,2,4),(6,'112700NATWES',13,1,3,78.81,'N',78.9,6,0),(6,'112700NATWES',21,1,1,101.52,'N',103.87,5,1),(6,'112900RICACA',13,2,5,75.19,'N',75.75,3,3),(6,'112900RICACA',37,1,1,98.58,'N',93.78,3,3),(6,'120503NIC*SZ',16,1,4,76.53,'N',76.64,1,6),(6,'120503NIC*SZ',26,1,4,35.7,'N',36.09,1,6),(6,'120503NIC*SZ',36,1,4,40.81,'N',39.89,1,6),(6,'120503NIC*SZ',46,1,4,35.15,'N',34.12,1,6),(6,'120810PET*BU',5,1,2,40.31,'N',42.41,8,0),(6,'120810PET*BU',29,1,2,50.52,'Y',NULL,NULL,NULL),(6,'121310DAN*MU',5,1,4,39.47,'N',37.91,6,0),(6,'121310DAN*MU',17,1,2,40.47,'N',49.43,5,1),(6,'121602MAA*GU',10,2,1,38.32,'N',38.97,6,0),(6,'121602MAA*GU',16,1,5,100.39,'N',98.63,5,1),(6,'121602MAA*GU',36,1,3,46.18,'N',44.89,3,3),(6,'121602MAA*GU',46,1,5,46.76,'N',45.93,5,1),(6,'121704BENHRO',11,2,5,43.64,'N',46.21,8,0),(6,'121704BENHRO',23,1,1,58.83,'N',60.33,5,1),(6,'121704BENHRO',43,1,1,57.81,'N',59.66,5,1),(6,'121806ELITGR',8,1,2,47.56,'N',49.21,2,4),(6,'121806ELITGR',20,1,1,27.65,'N',27.52,4,2),(6,'121806ELITGR',42,1,2,30.68,'N',31.12,4,2),(6,'122204FEL*LE',9,2,6,43.75,'N',43.97,8,0),(6,'122204FEL*LE',15,1,6,119.15,'N',121.38,6,0),(6,'122204FEL*LE',35,1,2,52.94,'N',55.81,5,1),(6,'122204FEL*LE',45,1,2,55.96,'N',56.37,5,1),(6,'122705ELIAMA',12,2,2,47.96,'N',54.97,7,0),(6,'122705ELIAMA',24,1,6,69.26,'Y',NULL,NULL,NULL),(6,'122705ELIAMA',34,1,2,57.01,'N',57.46,5,1),(7,'011009RACNHO',6,2,2,26.33,'N',25.07,2,4),(7,'011009RACNHO',18,1,4,27.45,'N',26.5,1,6),(7,'011009RACNHO',40,1,6,35.5,'N',37.8,2,4),(7,'011304SOP*FL',10,1,4,44.51,'N',44.2,8,0),(7,'011308NAT*LE',7,1,1,NULL,'N',49.81,9,0),(7,'011308NAT*LE',19,1,1,32.04,'N',30.4,6,0),(7,'011308NAT*LE',31,1,1,42.51,'N',35.95,6,0),(7,'012203ALLKWO',16,1,3,73.31,'N',74.83,1,6),(7,'012203ALLKWO',26,1,3,34.22,'N',35.21,1,6),(7,'012203ALLKWO',36,1,3,39.35,'N',39.2,1,6),(7,'012203ALLKWO',46,1,3,34.95,'N',36.2,1,6),(7,'012603ELL*DE',10,2,4,32.84,'N',33.2,1,6),(7,'012603ELL*DE',16,1,4,84.45,'N',87.03,2,4),(7,'012603ELL*DE',26,1,4,39.56,'N',39.72,2,4),(7,'012603ELL*DE',36,1,4,46.25,'N',45.06,2,4),(7,'012709TIMJRI',5,2,4,21.85,'N',22.3,3,3),(7,'012709TIMJRI',17,1,4,26.71,'N',29.03,1,6),(7,'012709TIMJRI',39,1,4,32.96,'N',31.33,1,6),(7,'013108ABIGAJ',8,1,4,46.63,'N',47.47,4,2),(7,'013108ABIGAJ',20,1,2,24.01,'N',25.89,4,2),(7,'013108ABIGAJ',42,1,2,23.76,'N',23.1,3,3),(7,'020607SAMDFI',8,2,6,44.13,'N',42.92,2,4),(7,'020607SAMDFI',20,1,6,24.14,'N',23.39,2,4),(7,'020702ISA*FL',14,1,6,84.64,'N',86.52,10,0),(7,'020702ISA*FL',48,1,6,42.33,'N',41.76,5,1),(7,'021403AME*CA',10,2,3,35.78,'N',37,5,1),(7,'021403AME*CA',16,1,5,88.59,'N',97.08,6,0),(7,'021403AME*CA',26,1,5,43.97,'N',47.53,4,2),(7,'021403AME*CA',46,1,5,42.31,'N',46.31,5,1),(7,'021407CAMJWI',7,2,6,44.34,'N',43.17,3,3),(7,'021407CAMJWI',19,1,6,25.22,'N',24.26,5,1),(7,'021605ANN*SC',2,1,4,94.96,'N',96.27,1,6),(7,'021605ANN*SC',24,1,4,44.32,'N',43.51,1,6),(7,'021605ANN*SC',34,1,6,51,'N',50.02,2,4),(7,'021605ANN*SC',44,1,4,43.85,'N',45.33,1,6),(7,'022100LOG*CO',13,1,3,58.14,'N',61.27,1,6),(7,'022100LOG*CO',21,1,3,67.47,'N',69.7,1,6),(7,'022100LOG*CO',27,1,3,68.27,'N',71.18,1,6),(7,'022100LOG*CO',47,1,3,30.19,'N',31.62,2,4),(7,'022606DOM*FL',11,2,6,41.29,'N',45.4,7,0),(7,'022606DOM*FL',23,1,6,58.91,'N',57.31,6,0),(7,'022606DOM*FL',43,1,6,NULL,'N',68.28,6,0),(7,'030907JONDRI',7,2,2,43.81,'N',43.72,4,2),(7,'030907JONDRI',41,1,6,23.44,'N',23.9,5,1),(7,'031801MAR*WE',13,1,1,63,'N',65,4,2),(7,'031801MAR*WE',37,1,5,83.69,'N',89.96,2,4),(7,'031801MAR*WE',47,1,1,34.19,'N',35.53,4,2),(7,'032110CARAKL',18,1,2,29.02,'N',28.47,2,4),(7,'032110CARAKL',30,1,2,36.39,'N',36.22,3,3),(7,'032110CARAKL',40,1,2,34.59,'Y',NULL,NULL,NULL),(7,'032200EMI*FL',38,1,2,104.75,'N',102.22,3,3),(7,'032505YEN*TR',11,1,4,45.75,'N',41.97,6,0),(7,'032505YEN*TR',23,1,2,57.46,'N',50.75,5,1),(7,'032505YEN*TR',33,1,2,54.95,'N',58.93,4,2),(7,'032707JOH*CA',1,1,1,93.53,'N',94.03,5,1),(7,'032707JOH*CA',19,1,5,20.46,'N',21.43,3,3),(7,'032707JOH*CA',31,1,3,23.31,'N',23.08,1,6),(7,'032707JOH*CA',41,1,5,19.27,'N',19.01,4,2),(7,'032708KYR*MC',8,2,1,61.78,'N',62.75,9,0),(7,'032708KYR*MC',20,1,5,33.59,'N',31.95,5,1),(7,'032708KYR*MC',42,1,1,34.55,'N',33.59,6,0),(7,'040103ANG*NA',9,2,4,27.57,'N',28.15,1,6),(7,'040103ANG*NA',15,1,4,68.34,'N',67.88,1,6),(7,'040103ANG*NA',35,1,4,34.01,'N',34.09,1,6),(7,'040103ANG*NA',45,1,4,31.97,'N',34.15,2,4),(7,'040207HAN*DO',8,2,4,38.33,'N',39.5,1,6),(7,'040207HAN*DO',32,1,2,25.05,'Y',NULL,NULL,NULL),(7,'040207HAN*DO',42,1,4,20.39,'N',21.31,1,6),(7,'040400KAT*AV',14,1,2,81.78,'N',82.63,9,0),(7,'040400KAT*AV',38,1,6,105.15,'N',104.81,4,2),(7,'040801BRI*DE',14,2,2,72.22,'N',72,5,1),(7,'040801BRI*DE',22,1,2,82.9,'N',83.08,4,2),(7,'040801BRI*DE',28,1,2,86.56,'N',87.25,4,2),(7,'040909BRA*WO',6,2,1,28.08,'N',33.93,11,0),(7,'040909BRA*WO',30,1,5,NULL,'N',39.97,5,1),(7,'040909BRA*WO',40,1,3,36.05,'Y',NULL,NULL,NULL),(7,'041210ELLCCE',6,1,6,31.72,'N',33.76,10,0),(7,'041810DIM*RE',5,1,5,31.05,'N',31.53,9,0),(7,'041810DIM*RE',17,1,3,33.37,'N',35.25,4,2),(7,'041810IOA*RE',5,1,3,30.81,'N',32.64,10,0),(7,'041810IOA*RE',17,1,5,36.01,'N',36.71,6,0),(7,'041905CLA*VA',2,1,2,100.09,'N',101.66,2,4),(7,'041905CLA*VA',12,2,6,39.25,'N',40.28,4,2),(7,'041905CLA*VA',34,1,4,49.52,'N',49,1,6),(7,'042302NIC*SA',13,1,4,65.32,'N',64.43,3,3),(7,'042302NIC*SA',21,1,4,71.6,'N',72.27,3,3),(7,'042302NIC*SA',27,1,4,77.58,'N',73.67,2,4),(7,'042302NIC*SA',47,1,4,33.45,'N',33.84,3,3),(7,'042401MAY*WI',14,2,1,69.57,'N',73.01,6,0),(7,'042401MAY*WI',22,1,1,83.07,'N',83.34,5,1),(7,'042401MAY*WI',28,1,1,84.35,'N',87.88,6,0),(7,'042401MAY*WI',48,1,1,39.12,'N',41.77,6,0),(7,'043009MAR*LY',6,1,5,30.33,'N',33.27,9,0),(7,'043009MAR*LY',40,1,5,44.75,'Y',NULL,NULL,NULL),(7,'050603MAT*TO',9,1,4,33.62,'N',36.15,6,0),(7,'050603MAT*TO',25,1,6,44.27,'N',45,3,3),(7,'050603MAT*TO',35,1,2,49.43,'N',53.13,4,2),(7,'050903COL*BO',9,2,6,31.07,'N',33.2,4,2),(7,'050903COL*BO',25,1,2,42.32,'N',39.06,1,6),(7,'050903COL*BO',35,1,6,49.53,'N',46.62,2,4),(7,'051507SYD*DI',8,2,3,53.39,'N',50.48,6,0),(7,'051507SYD*DI',42,1,5,30.9,'N',29.13,5,1),(7,'051606LOG*WA',9,2,5,47.77,'N',46.44,8,0),(7,'051606LOG*WA',15,1,3,NULL,'N',117.97,4,2),(7,'051606LOG*WA',25,1,5,NULL,'N',58.02,5,1),(7,'051606LOG*WA',35,1,3,59.14,'N',60.03,5,1),(7,'051907EMM*ST',2,1,5,114.84,'N',112.03,5,1),(7,'051907EMM*ST',20,1,3,25.57,'N',24.95,3,3),(7,'051907EMM*ST',32,1,3,26.51,'N',26.57,2,4),(7,'051907EMM*ST',42,1,3,24.5,'N',24.31,4,2),(7,'052401JUL*MA',14,2,5,69.21,'N',70.96,3,3),(7,'052401JUL*MA',22,1,5,77.65,'N',77.7,2,4),(7,'052401JUL*MA',28,1,5,78.01,'N',80.88,2,4),(7,'052401JUL*MA',38,1,3,86.16,'N',91.26,1,6),(7,'052801IRE*NA',14,1,4,78.2,'N',77.72,8,0),(7,'052801IRE*NA',38,1,4,101.31,'N',101.52,2,4),(7,'052908CRI*GA',9,2,3,46.66,'N',48.84,9,0),(7,'052908CRI*GA',35,1,5,NULL,'Y',NULL,NULL,NULL),(7,'053006ALEJGR',11,1,3,47.38,'N',45.75,8,0),(7,'053006ALEJGR',23,1,1,52.9,'N',50.01,4,2),(7,'053006ALEJGR',33,1,1,68.72,'N',62.53,5,1),(7,'053100CAR*DU',14,2,3,66.92,'N',69.34,1,6),(7,'053100CAR*DU',22,1,3,74.26,'N',75.84,1,6),(7,'053100CAR*DU',28,1,3,77.16,'N',80.5,1,6),(7,'053100CAR*DU',48,1,3,33.34,'N',35.16,1,6),(7,'060208NATRFL',6,2,4,25.21,'N',25.93,4,2),(7,'060208NATRFL',30,1,6,37.38,'N',35,2,4),(7,'060208NATRFL',40,1,4,32.96,'N',31.6,1,6),(7,'060707CHA*RO',8,1,3,77.9,'N',89.57,10,0),(7,'060707CHA*RO',20,1,1,60.06,'N',33.78,6,0),(7,'061405SIE*LY',12,1,6,42.25,'N',41.64,6,0),(7,'061405SIE*LY',34,1,2,NULL,'N',57.57,4,2),(7,'061405SIE*LY',44,1,2,NULL,'N',48.13,2,4),(7,'061504NEL*LE',11,2,5,39.51,'N',37.75,3,3),(7,'061504NEL*LE',23,1,5,49.91,'N',49.39,3,3),(7,'061504NEL*LE',43,1,3,49,'N',50.32,3,3),(7,'061806SAM*BA',8,1,2,48.75,'N',49.89,5,1),(7,'061806SAM*BA',32,1,6,27.94,'N',29.13,4,2),(7,'061806SAM*BA',42,1,6,24.09,'N',22.84,2,4),(7,'062406TIM*TO',7,2,4,38.32,'N',38.34,2,4),(7,'062406TIM*TO',19,1,2,22.29,'N',22.26,4,2),(7,'062406TIM*TO',41,1,2,18.52,'N',18.16,3,3),(7,'062606KEELGR',7,1,4,45.59,'N',45.75,6,0),(7,'062606KEELGR',31,1,2,26.56,'N',26.56,4,2),(7,'062808ALE*WA',6,2,3,26.91,'N',24.91,1,6),(7,'062808ALE*WA',18,1,3,30.79,'N',33.45,5,1),(7,'062808ALE*WA',30,1,3,36.45,'N',36.35,4,2),(7,'070106DAV*KA',1,1,3,87.33,'N',89.21,3,3),(7,'070106DAV*KA',7,2,3,33.65,'N',35.57,1,6),(7,'070106DAV*KA',19,1,3,19.35,'N',19.15,2,4),(7,'070106DAV*KA',41,1,3,17.67,'N',17.72,2,4),(7,'070709TYL*BO',5,2,5,26.75,'N',24.87,4,2),(7,'070709TYL*BO',29,1,3,36.96,'N',33.26,1,6),(7,'070709TYL*BO',39,1,5,32.21,'N',33.94,2,4),(7,'070908SYDLVA',6,1,4,26.82,'N',25.25,3,3),(7,'071003MAD*KE',10,1,3,38.12,'N',38.7,6,0),(7,'071003MAD*KE',26,1,1,46.17,'N',47.69,5,1),(7,'071108JAD*GR',5,1,1,NULL,'N',25.56,6,0),(7,'071108JAD*GR',17,1,1,NULL,'N',35.96,5,1),(7,'071905PAILSM',12,2,2,38.37,'N',39.15,2,3.5),(7,'071905PAILSM',24,1,6,47.71,'N',50.38,4,2),(7,'072003JOS*NE',9,1,6,35.47,'N',37.44,7,0),(7,'073102BRE*HO',10,2,5,37.18,'N',36.69,4,2),(7,'080204OLIKFI',12,1,4,39.31,'N',37.75,1,6),(7,'080508NOA*DE',5,2,2,22.33,'N',21.76,1,6),(7,'080508NOA*DE',17,1,2,32.08,'N',33.22,3,3),(7,'080508NOA*DE',29,1,4,34.19,'N',34.34,2,4),(7,'080806JAN*LE',8,2,2,43.78,'N',44.1,3,3),(7,'080806JAN*LE',20,1,4,23.16,'N',23.12,1,6),(7,'080806JAN*LE',32,1,4,24.51,'N',25.51,1,6),(7,'081207COLPKN',7,1,3,54.55,'N',51.15,10,0),(7,'081207JAYEKN',8,2,5,54.81,'N',53.06,8,0),(7,'081207JAYEKN',32,1,5,27.56,'N',28.28,3,3),(7,'081405THE*MA',11,2,1,41.33,'N',40.83,5,1),(7,'081405THE*MA',33,1,5,51.02,'N',51.89,2,4),(7,'081405THE*MA',43,1,5,51.4,'N',52.87,4,2),(7,'090707JAC*WO',7,2,1,50.56,'N',51.4,11,0),(7,'090707JAC*WO',41,1,1,27.95,'Y',NULL,NULL,NULL),(7,'090800KAY*BO',14,2,6,73.46,'N',71.47,4,2),(7,'090800KAY*BO',22,1,6,88.15,'N',89,6,0),(7,'090800KAY*BO',28,1,6,86.82,'N',87.53,5,1),(7,'090800KAY*BO',48,1,2,40.63,'N',39.33,4,2),(7,'090902SAR*KE',10,2,2,33.44,'N',34.25,2,4),(7,'090902SAR*KE',16,1,6,94.88,'N',94.26,3,3),(7,'090902SAR*KE',36,1,2,46.97,'N',47.03,4,2),(7,'090902SAR*KE',46,1,4,38.32,'N',38.72,2,4),(7,'091303ELL*ST',26,1,6,54.78,'N',53.77,6,0),(7,'091303ELL*ST',36,1,6,54.19,'N',53.97,5,1),(7,'091303ELL*ST',46,1,6,47.28,'N',47.83,6,0),(7,'091409FINSSM',5,1,2,39.25,'N',40.12,11,0),(7,'091607RYA*YO',7,1,5,57.38,'N',59.88,12,0),(7,'092109SEB*GA',5,2,1,26.97,'N',26.34,7,0),(7,'092109SEB*GA',29,1,1,41.93,'N',34.93,3,3),(7,'092109SEB*GA',39,1,1,41.65,'Y',NULL,NULL,NULL),(7,'092309DEC*HU',5,1,4,29.08,'N',27.87,8,0),(7,'092309DEC*HU',29,1,2,35.13,'N',35.62,4,2),(7,'093009RYLJWI',6,1,2,28.66,'N',30.74,7,0),(7,'100308ALA*GL',6,1,3,28.53,'N',28.71,5,1),(7,'100308ALA*GL',18,1,5,32.25,'N',32.82,4,2),(7,'100308ALA*GL',40,1,1,NULL,'Y',NULL,NULL,NULL),(7,'100906JOS*KE',7,2,5,45.59,'N',43.81,5,1),(7,'100906JOS*KE',31,1,5,25.65,'N',25.72,3,3),(7,'101204ELI*FU',2,1,3,103.47,'N',102.78,3,3),(7,'101204ELI*FU',12,2,3,38.76,'N',39.15,2,3.5),(7,'101204ELI*FU',24,1,3,50.65,'N',49.33,3,3),(7,'101204ELI*FU',44,1,3,52.06,'N',52.46,4,2),(7,'101204ETH*FU',1,1,5,89.84,'N',92.37,4,2),(7,'101204ETH*FU',11,2,3,33.71,'N',35.83,2,4),(7,'101204ETH*FU',23,1,3,45.76,'N',47.69,2,4),(7,'101204ETH*FU',33,1,3,43.13,'N',44.73,1,6),(7,'101206BRADKH',7,1,2,48.95,'N',49.45,8,0),(7,'101206BRADKH',31,1,6,29.82,'N',27.42,5,1),(7,'101508DYL*NO',5,2,3,21.21,'N',22.15,2,4),(7,'101508DYL*NO',29,1,5,41.62,'N',45.69,5,1),(7,'101508DYL*NO',39,1,3,32.13,'N',36.34,3,3),(7,'101604MADRKH',2,1,6,104.07,'N',104.59,4,2),(7,'101604MADRKH',12,1,2,41.21,'N',41.54,5,1),(7,'101604MADRKH',24,1,2,46.88,'N',48.84,2,4),(7,'101604MADRKH',44,1,6,49.5,'N',49.63,3,3),(7,'102003CAR*LE',10,2,6,34.75,'N',35.14,3,3),(7,'102003CAR*LE',16,1,2,92.44,'N',95.88,5,1),(7,'102003CAR*LE',26,1,2,43.7,'N',42.68,3,3),(7,'102003CAR*LE',46,1,2,41.07,'N',41.47,3,3),(7,'102298AND*DU',13,1,5,62.31,'N',63.4,2,4),(7,'102298AND*DU',21,1,5,69.8,'N',70.25,2,4),(7,'102298AND*DU',27,1,1,73.25,'N',75.5,4,2),(7,'102298AND*DU',47,1,5,30.5,'N',30.71,1,6),(7,'102308CHAZSC',5,2,6,24.02,'N',25.33,5,1),(7,'102308CHAZSC',17,1,6,32.16,'N',30.13,2,4),(7,'102308CHAZSC',39,1,2,35.25,'Y',NULL,NULL,NULL),(7,'102404JAC*DE',1,1,6,97.34,'N',97.44,6,0),(7,'102404JAC*DE',11,2,2,37.51,'N',38.63,4,2),(7,'102404JAC*DE',33,1,4,50.71,'N',52.22,3,3),(7,'102404JAC*DE',43,1,2,47.01,'N',48.57,2,4),(7,'102799COL*DO',13,1,2,71.94,'N',72,6,0),(7,'102799COL*DO',27,1,2,84.46,'N',83.89,5,1),(7,'102799COL*DO',37,1,4,102.15,'Y',NULL,NULL,NULL),(7,'102799COL*DO',47,1,2,35.77,'N',37.63,5,1),(7,'110308CLASKH',6,2,6,26.65,'N',29.53,6,0),(7,'110308CLASKH',18,1,6,31.22,'N',32.65,3,3),(7,'110308CLASKH',30,1,4,31.57,'N',31.71,1,6),(7,'110309MAD*RO',6,1,1,NULL,'N',47.5,12,0),(7,'110309MAD*RO',18,1,1,46.18,'N',47.16,6,0),(7,'110699COD*MO',21,1,2,98.19,'N',95.31,5,1),(7,'110699COD*MO',27,1,6,91.22,'N',87.67,6,0),(7,'110699COD*MO',37,1,2,106.65,'N',103.81,3,3),(7,'110699COD*MO',47,1,6,47.94,'N',38.99,6,0),(7,'110700CHL*OS',14,1,3,76.93,'N',76.53,7,0),(7,'110700CHL*OS',38,1,5,110.14,'N',111.09,5,1),(7,'110700CHL*OS',48,1,5,35.85,'N',37.07,3,3),(7,'110702BRA*NO',9,2,1,NULL,'N',32.93,3,3),(7,'110702BRA*NO',25,1,3,NULL,'N',45.68,4,2),(7,'110702BRA*NO',35,1,1,NULL,'N',46.89,3,3),(7,'110907ELE*MO',8,1,5,83.02,'N',89.57,10,0),(7,'110907ELE*MO',32,1,1,52.01,'N',54.39,5,1),(7,'111000JUSLWO',13,1,6,64.87,'N',65.59,5,1),(7,'111000JUSLWO',21,1,1,82.46,'N',87.51,4,2),(7,'111000JUSLWO',27,1,5,72.9,'N',74.03,3,3),(7,'111000JUSLWO',37,1,3,78.9,'N',82.94,1,6),(7,'111104SAM*DI',11,1,5,48.97,'N',47.72,9,0),(7,'111104SAM*DI',43,1,1,70.27,'N',63.06,5,1),(7,'111207KHA*TR',7,1,6,51.95,'N',48.76,7,0),(7,'111402EMM*BA',10,2,1,37.63,'N',39.45,7,0),(7,'111402EMM*BA',16,1,1,93.84,'N',94.94,4,2),(7,'111402EMM*BA',36,1,5,45.42,'N',46.39,3,3),(7,'111402EMM*BA',46,1,1,44.89,'N',44.75,4,2),(7,'112704SEA*DO',1,1,4,83.78,'N',82.81,1,6),(7,'112704SEA*DO',11,2,4,31.27,'N',31.52,1,6),(7,'112704SEA*DO',23,1,4,39.88,'N',40.25,1,6),(7,'112704SEA*DO',43,1,4,38.62,'N',38.69,1,6),(7,'120206AND*KL',1,1,2,85.88,'N',86.37,2,4),(7,'120206AND*KL',19,1,4,18.5,'N',19,1,6),(7,'120206AND*KL',31,1,4,23.3,'N',23.37,2,4),(7,'120206AND*KL',41,1,4,17.77,'N',17.66,1,6),(7,'120600JUL*TO',14,2,4,71,'N',70.69,2,4),(7,'120600JUL*TO',22,1,4,79.81,'N',80.45,3,3),(7,'120600JUL*TO',28,1,4,85.99,'N',86.22,3,3),(7,'120600JUL*TO',48,1,4,37.01,'N',35.69,2,4),(7,'120604JUN*DO',12,2,5,39.87,'N',42.63,7,0),(7,'120604JUN*DO',34,1,3,57.7,'N',55.74,3,3),(7,'121308MAY*DO',6,2,5,26.94,'N',31.28,8,0),(7,'121308MAY*DO',30,1,1,NULL,'Y',NULL,NULL,NULL),(7,'121404AIDRGR',11,1,2,62.38,'N',64.22,10,0),(7,'121404AIDRGR',33,1,6,59.25,'Y',NULL,NULL,NULL),(7,'122003LUCMFA',9,1,2,33.76,'N',35.47,5,1),(7,'122003LUCMFA',15,1,6,85.78,'N',88.94,3,3),(7,'122003LUCMFA',25,1,4,41.06,'N',40.63,2,4),(7,'122003LUCMFA',45,1,6,38.65,'N',39.72,3,3),(7,'122007ZOIEGR',8,1,6,50.72,'N',50.58,7,0),(7,'123002BRO*DO',9,2,2,29.17,'N',30.03,2,4),(7,'123002BRO*DO',15,1,2,80.27,'N',82.63,2,4),(7,'123002BRO*DO',45,1,2,33.5,'N',32.81,1,6),(8,'010303ALA*CH',9,2,3,29.09,'N',28.67,1,6),(8,'010303ALA*CH',15,1,3,71.89,'N',71.33,1,6),(8,'010303ALA*CH',25,1,3,33.94,'N',33.12,1,6),(8,'010303ALA*CH',45,1,3,33.35,'N',32.52,2,4),(8,'010303ARR*MA',9,1,6,38.51,'N',42.54,8,0),(8,'010303ARR*MA',35,1,4,43.02,'N',43.06,2,4),(8,'010303CAMMPA',10,1,2,42.07,'N',41.25,5,1),(8,'010303CAMMPA',16,1,6,107.07,'N',102.81,4,2),(8,'010303CAMMPA',36,1,6,49.18,'N',49.96,3,3),(8,'010303CAMMPA',46,1,2,48.96,'N',46.93,3,3),(8,'010699RAM*ZA',13,1,3,58.46,'N',58.76,2,4),(8,'010699RAM*ZA',21,1,3,72.15,'N',71.2,1,6),(8,'010699RAM*ZA',27,1,3,69.57,'N',69.76,2,4),(8,'010699RAM*ZA',47,1,3,29.37,'N',29.16,2,4),(8,'011207AXEFBA',7,2,2,38.25,'N',38.89,1,6),(8,'011207AXEFBA',19,1,6,23.26,'N',26.43,4,2),(8,'011207AXEFBA',31,1,2,23.46,'N',23.56,2,4),(8,'012005STAKSU',14,1,5,NULL,'N',92.78,3,3),(8,'012005STAKSU',22,1,3,NULL,'N',112.11,2,4),(8,'012005STAKSU',28,1,3,103.94,'N',102.77,3,3),(8,'012005STAKSU',48,1,3,NULL,'N',45.58,2,4),(8,'012308ALE*CH',1,1,2,100.38,'N',100.58,3,3),(8,'012308ALE*CH',19,1,4,20.68,'N',20.48,1,6),(8,'012308ALE*CH',31,1,4,23.41,'N',23.62,3,3),(8,'012308ALE*CH',41,1,2,18.78,'N',19.65,2,4),(8,'013100JUA*RA',13,1,4,59.06,'N',58.6,1,6),(8,'013100JUA*RA',21,1,4,70.78,'N',72.26,2,4),(8,'013100JUA*RA',27,1,4,67.88,'N',68.79,1,6),(8,'013100JUA*RA',47,1,4,28.52,'N',28.32,1,6),(8,'020305DAVHCL',11,1,4,43.96,'N',42.72,4,2),(8,'020305DAVHCL',23,1,2,55.76,'N',52.4,3,3),(8,'020305DAVHCL',33,1,2,51.34,'N',55.53,3,3),(8,'020306MAT*SH',11,2,5,46.94,'N',49.15,8,0),(8,'020306MAT*SH',23,1,5,55.61,'N',57.5,4,2),(8,'020306MAT*SH',33,1,3,89.31,'N',89.12,4,2),(8,'020503SUB*SU',9,1,4,36.48,'N',35.86,6,0),(8,'020503SUB*SU',35,1,6,46.07,'N',45.97,4,2),(8,'021106JOY*JI',2,1,5,92.37,'N',90.56,3,3),(8,'021106JOY*JI',12,2,5,35.03,'N',35.19,3,3),(8,'021106JOY*JI',24,1,5,43.59,'N',42.01,2,4),(8,'021106JOY*JI',34,1,3,45.97,'N',45.83,2,4),(8,'021311JOHAJA',5,1,4,57.94,'N',56.41,10,0),(8,'021605BEL*BA',12,1,3,39.41,'N',39.96,9,0),(8,'021605BEL*BA',34,1,5,57.43,'N',56.84,4,2),(8,'021605BEL*BA',44,1,5,45.42,'N',45.5,5,1),(8,'021610GAVLWA',5,2,1,25.2,'N',25.57,4,2),(8,'021610GAVLWA',17,1,5,32.94,'N',32.02,2,4),(8,'021610GAVLWA',39,1,1,NULL,'N',32.9,4,2),(8,'022607ALIAJO',8,1,2,53.18,'N',51.17,4,2),(8,'022607ALIAJO',20,1,6,28.46,'N',28.43,5,1),(8,'022607ALIAJO',32,1,6,37.82,'Y',NULL,NULL,NULL),(8,'030901JACMGE',21,1,2,89.07,'N',87.31,3,3),(8,'030901JACMGE',27,1,2,84,'N',80.65,3,3),(8,'030901JACMGE',37,1,4,93.21,'N',98.43,3,3),(8,'030901JACMGE',47,1,2,34.58,'N',33.62,3,3),(8,'031105RAC*WA',12,2,1,38.97,'N',38.57,7,0),(8,'031105RAC*WA',24,1,1,46.5,'N',48.7,6,0),(8,'031105RAC*WA',34,1,1,59.35,'N',59.53,5,1),(8,'031208DORCWA',10,2,5,57.62,'N',60.08,7,0),(8,'031208DORCWA',36,1,3,NULL,'Y',NULL,NULL,NULL),(8,'031509VIRGMA',29,1,1,NULL,'Y',NULL,NULL,NULL),(8,'031900ANNIMA',14,1,2,79.65,'N',78.59,2,4),(8,'031900ANNIMA',22,1,4,104.46,'N',106.81,1,6),(8,'031900ANNIMA',28,1,2,92.91,'N',95.65,2,4),(8,'031900ANNIMA',38,1,2,93.41,'N',93.49,2,4),(8,'032111DEGNRA',5,2,6,37.19,'N',37.5,8,0),(8,'032111DEGNRA',17,1,2,50.34,'N',47.48,5,1),(8,'032508STE*SH',8,1,1,50.02,'N',52.17,5,1),(8,'032508STE*SH',20,1,5,26.3,'N',26.53,3,3),(8,'032508STE*SH',32,1,1,39.43,'Y',NULL,NULL,NULL),(8,'032800DAVACA',13,1,1,80.59,'N',79.84,6,0),(8,'032906PETWSO',11,1,2,44.9,'N',44.38,5,1),(8,'032906WILDJA',11,1,6,48.78,'N',47.22,7,0),(8,'032906WILDJA',43,1,6,58.15,'N',58.31,4,2),(8,'040509EVAWWU',6,2,3,21.78,'N',21.73,1,6),(8,'040509EVAWWU',30,1,5,31.19,'N',29.45,2,4),(8,'040509EVAWWU',40,1,5,26.5,'N',25.82,2,4),(8,'041707ANNKSU',8,1,3,47.4,'N',47.34,3,3),(8,'041707ANNKSU',32,1,5,31.44,'Y',NULL,NULL,NULL),(8,'041707ANNKSU',42,1,5,24.31,'N',22.56,3,3),(8,'041909SUR*ZH',6,2,5,31.06,'N',34.65,4,2),(8,'041909SUR*ZH',18,1,1,NULL,'N',42.45,4,2),(8,'041909SUR*ZH',30,1,1,45.84,'N',46.85,4,2),(8,'042106LANJHE',12,1,2,38.53,'N',38.34,6,0),(8,'042303JUSJGO',9,2,6,34.77,'N',34.5,5,1),(8,'042303JUSJGO',15,1,6,88.2,'N',89.19,5,1),(8,'042808SHR*GH',7,1,4,42.53,'N',40.37,3,3),(8,'043007RYA*PA',7,2,6,42.21,'N',42.9,4,2),(8,'043007RYA*PA',31,1,6,25.57,'N',25.47,4,2),(8,'043007RYA*PA',41,1,6,21.06,'N',20.94,4,2),(8,'051509JOCNCA',6,2,4,28.09,'N',29.96,2,4),(8,'051509JOCNCA',18,1,2,43.5,'N',44.42,5,1),(8,'051509JOCNCA',30,1,2,54.63,'Y',NULL,NULL,NULL),(8,'052101ZEEMAN',13,1,2,75.2,'N',75.87,3,3),(8,'052101ZEEMAN',27,1,6,88.62,'N',88.11,4,2),(8,'052101ZEEMAN',37,1,2,94.08,'N',97.92,2,4),(8,'052101ZEEMAN',47,1,6,38.75,'N',39.51,4,2),(8,'052412HAN*HU',6,1,6,51.98,'N',51.72,6,0),(8,'060204ABI*BE',2,1,4,86.66,'N',85.88,2,4),(8,'060204ABI*BE',12,2,4,34.77,'N',34.68,2,4),(8,'060204ABI*BE',34,1,4,44.18,'N',42.51,1,6),(8,'060204ABI*BE',44,1,4,38.64,'N',39.86,3,3),(8,'061306JUL*LI',8,1,5,48.13,'N',45.39,1,6),(8,'061306JUL*LI',20,1,1,28.28,'N',27.33,4,2),(8,'061306JUL*LI',42,1,1,28.56,'N',25.54,4,2),(8,'061602NICABA',10,2,4,34.19,'N',34.42,2,4),(8,'061602NICABA',16,1,4,90.95,'N',90.68,2,4),(8,'061602NICABA',36,1,2,45.71,'N',45.21,1,6),(8,'061602NICABA',46,1,4,41.23,'N',42.05,2,4),(8,'061807ABH*DH',7,1,6,57.9,'N',58.94,6,0),(8,'062003IVADSO',9,2,2,34.06,'N',33.76,4,2),(8,'062003IVADSO',25,1,6,42.76,'N',41.32,5,1),(8,'062003IVADSO',45,1,6,40.95,'N',41.77,4,2),(8,'062005AURRCH',2,1,2,91.75,'N',92.54,5,1),(8,'062005AURRCH',12,2,2,36.55,'N',37.84,5,1),(8,'062005AURRCH',24,1,4,42.78,'N',46.46,5,1),(8,'062005AURRCH',34,1,6,49.06,'Y',NULL,NULL,NULL),(8,'062306ABHMGA',7,2,3,66.81,'N',67.33,8,0),(8,'062306ABHMGA',19,1,1,38.81,'N',41.54,6,0),(8,'062306ABHMGA',31,1,5,38.44,'N',39.57,5,1),(8,'063005OCETBA',12,1,4,38.32,'N',39.02,8,0),(8,'072209PET*ZH',5,2,2,27.21,'N',27.4,6,0),(8,'072209PET*ZH',17,1,4,36.06,'N',38.18,3,3),(8,'072409BENHRE',5,2,5,23.13,'N',23.75,3,3),(8,'072409BENHRE',29,1,5,34.09,'Y',NULL,NULL,NULL),(8,'072409BENHRE',39,1,5,38,'N',32.44,3,3),(8,'072702AVA*ZH',10,2,3,32.5,'N',32.58,1,6),(8,'072702AVA*ZH',16,1,3,83.63,'N',85.56,1,6),(8,'072702AVA*ZH',26,1,3,37.68,'N',37.55,1,6),(8,'072702AVA*ZH',46,1,3,37.19,'N',37.84,1,6),(8,'072706SOP*ES',8,1,6,57.27,'N',55.2,6,0),(8,'072706SOP*ES',32,1,2,37.16,'N',36.15,2,4),(8,'073005LEE*CH',12,2,6,36.77,'N',36.99,4,2),(8,'073005LEE*CH',24,1,6,44.57,'N',43.31,3,3),(8,'073005LEE*CH',44,1,2,39.25,'N',39.03,2,4),(8,'080308AND*CH',18,1,3,24.68,'N',24.03,1,6),(8,'080308AND*CH',30,1,3,27.22,'N',28.12,1,6),(8,'080308AND*CH',40,1,3,24.09,'N',25.5,1,6),(8,'080703MARECA',10,2,2,37.47,'N',40.41,4,2),(8,'080703MARECA',26,1,4,45.34,'N',44.99,2,4),(8,'080703MARECA',46,1,6,49.07,'N',50.85,4,2),(8,'080808MIC*LI',6,2,1,31.06,'N',31.51,3,3),(8,'080808MIC*LI',40,1,1,50.72,'Y',NULL,NULL,NULL),(8,'081004VANKGA',14,1,3,NULL,'N',154.34,4,2),(8,'081004VANKGA',22,1,5,NULL,'N',185.58,3,3),(8,'081004VANKGA',28,1,5,NULL,'N',161.96,4,2),(8,'081004VANKGA',38,1,3,NULL,'N',147.57,3,3),(8,'081109JUSCJI',5,1,3,27.12,'N',35,7,0),(8,'081109JUSCJI',17,1,1,37.13,'N',41.03,4,2),(8,'081109JUSCJI',29,1,3,32.83,'N',29.63,2,4),(8,'081806EMAPJA',20,1,4,23.03,'N',21.32,1,6),(8,'081806EMAPJA',32,1,4,26.33,'N',28.15,1,6),(8,'081806EMAPJA',42,1,4,21.88,'N',21.67,2,4),(8,'082302RYA*CH',9,2,5,29.52,'N',29.44,3,3),(8,'082302RYA*CH',15,1,5,75.45,'N',75.76,2,4),(8,'082302RYA*CH',25,1,5,35.51,'N',35.38,2,4),(8,'082302RYA*CH',35,1,3,37.2,'N',38.93,1,6),(8,'082904BELVGE',2,1,6,92.33,'N',92.31,4,2),(8,'082904BELVGE',24,1,2,44.39,'N',44.57,4,2),(8,'082904BELVGE',34,1,2,49.03,'N',48.32,3,3),(8,'082904BELVGE',44,1,6,42.02,'N',42.43,4,2),(8,'083105JOSELO',1,1,4,93.81,'N',95.4,2,4),(8,'083105JOSELO',11,2,4,35.15,'N',35.57,2,4),(8,'083105JOSELO',23,1,4,46.4,'N',48.53,2,4),(8,'083105JOSELO',33,1,4,48.4,'N',49.58,1,6),(8,'090408ROHPGA',5,1,5,27.59,'N',26.62,5,1),(8,'090503ALARGE',10,1,4,41.81,'N',42.09,6,0),(8,'090503ALARGE',26,1,6,50.5,'N',51.52,4,2),(8,'090508ERI*CH',1,1,1,129.62,'N',130.47,6,0),(8,'090508ERI*CH',5,2,3,23,'N',23.51,2,4),(8,'090508ERI*CH',17,1,3,26.72,'N',26.84,1,6),(8,'090508ERI*CH',39,1,3,28.38,'N',28.95,2,4),(8,'091008MAN*TA',5,2,4,19.84,'N',19.18,1,6),(8,'091008MAN*TA',29,1,4,27.88,'N',27.98,1,6),(8,'091008MAN*TA',39,1,4,24.25,'N',25.55,1,6),(8,'091106DIEFRA',1,1,6,100.58,'N',101.95,5,1),(8,'091106DIEFRA',7,2,4,37.33,'N',39.31,2,4),(8,'091106DIEFRA',19,1,2,21.45,'N',22.34,3,3),(8,'091106DIEFRA',41,1,4,18.65,'N',18.77,1,6),(8,'091604EVA*CH',1,1,3,83.87,'N',84.59,1,6),(8,'091604EVA*CH',11,2,3,33,'N',32.75,1,6),(8,'091604EVA*CH',23,1,3,41.89,'N',41.01,1,6),(8,'091604EVA*CH',43,1,3,39.16,'N',38.75,1,6),(8,'091707SOPMLI',20,1,3,22.83,'N',24.03,2,4),(8,'091707SOPMLI',42,1,3,19.84,'N',21.2,1,6),(8,'092798SAYHVA',14,1,4,65.44,'N',67.44,1,6),(8,'092798SAYHVA',28,1,4,75.57,'N',77.46,1,6),(8,'092798SAYHVA',38,1,4,83.16,'N',87.21,1,6),(8,'092798SAYHVA',48,1,4,32.26,'N',32.28,1,6),(8,'101504MARCPA',11,2,2,39.15,'N',38.81,3,3),(8,'101504MARCPA',33,1,6,53.84,'N',50.28,2,4),(8,'101504MARCPA',43,1,4,47.78,'N',46.87,2,4),(8,'102208LILTJA',18,1,4,28.52,'N',28.53,2,4),(8,'102208LILTJA',30,1,4,32.78,'N',32.99,3,3),(8,'102208LILTJA',40,1,4,34.69,'N',32.66,3,3),(8,'102802CHRMFE',15,1,2,84.51,'N',85.59,4,2),(8,'102802CHRMFE',25,1,2,42.18,'N',41.2,4,2),(8,'102802CHRMFE',35,1,2,43.6,'N',43.64,3,3),(8,'102802CHRMFE',45,1,2,35.95,'N',35.36,3,3),(8,'110410ALERBA',6,1,2,34.93,'N',41.61,5,1),(8,'110410ALERBA',18,1,6,49.78,'N',39.06,3,3),(8,'110503SHA*PA',9,1,2,37,'N',36.92,7,0),(8,'110802BRIAHE',9,2,4,30.09,'N',29.17,2,4),(8,'110802BRIAHE',15,1,4,80.27,'N',81.71,3,3),(8,'110802BRIAHE',25,1,4,37.77,'N',36.74,3,3),(8,'110802BRIAHE',45,1,4,32.6,'N',30.91,1,6),(8,'111307CULARA',7,1,2,44.53,'N',44.11,5,1),(8,'111407ALEPBA',1,1,5,106.34,'N',101.33,4,2),(8,'111407ALEPBA',19,1,3,23.6,'N',22.21,2,4),(8,'111407ALEPBA',31,1,3,23.31,'N',23.37,1,6),(8,'111407ALEPBA',41,1,3,21.65,'N',20.51,3,3),(8,'111507ERI*SH',7,2,5,69.6,'N',77.73,9,0),(8,'111507ERI*SH',31,1,1,50.7,'Y',NULL,NULL,NULL),(8,'111507ERI*SH',41,1,5,50.03,'Y',NULL,NULL,NULL),(8,'111706YASGMA',7,2,1,120.31,'N',67.07,7,0),(8,'111706YASGMA',19,1,5,35.14,'N',33.15,5,1),(8,'112100AKH*GU',13,1,6,75.55,'N',76.94,4,2),(8,'112100AKH*GU',37,1,6,96.81,'N',94.2,1,6),(8,'112700NATWES',13,1,5,78.81,'N',78.2,5,1),(8,'112700NATWES',21,1,6,101.52,'N',99.65,4,2),(8,'120104KRI*SU',12,1,6,42.51,'N',42.78,10,0),(8,'120410RYA*HU',5,1,1,44.74,'N',38.71,9,0),(8,'121406JASSCA',8,1,4,46.23,'N',46.43,2,4),(8,'121406JASSCA',20,1,2,28.44,'N',28.91,6,0),(8,'121406JASSCA',42,1,2,32.03,'N',32.54,5,1),(8,'121602MAA*GU',10,2,6,38.32,'N',38.58,3,3),(8,'121602MAA*GU',16,1,2,98.63,'N',100.78,3,3),(8,'121602MAA*GU',26,1,2,48.28,'N',49,3,3),(8,'121602MAA*GU',36,1,4,44.89,'N',45.5,2,4),(8,'121704BENHRO',11,2,6,43.64,'N',44.66,6,0),(8,'121704BENHRO',23,1,6,58.83,'Y',NULL,NULL,NULL),(8,'121704BENHRO',43,1,2,57.81,'N',55.18,3,3),(8,'122404SOP*ZH',2,1,3,81.07,'N',81.46,1,6),(8,'122404SOP*ZH',12,2,3,32.18,'N',32.45,1,6),(8,'122404SOP*ZH',24,1,3,36.83,'N',36.44,1,6),(8,'122404SOP*ZH',44,1,3,35.31,'N',35.3,1,6),(9,'010402HELSAS',14,1,4,145.19,'N',126.84,10,0),(9,'010406TRIABO',12,2,5,47.47,'N',44.44,6,0),(9,'010406TRIABO',24,1,5,56.17,'N',58.72,4,2),(9,'010406TRIABO',44,1,1,56.04,'N',53.15,5,1),(9,'010407DIE*MA',7,2,2,46.72,'N',46.85,3,3),(9,'010407DIE*MA',31,1,2,33.71,'N',33.58,4,2),(9,'010407DIE*MA',41,1,2,23.68,'N',30.08,5,1),(9,'010907GAB*JO',7,2,4,41.77,'N',39.87,2,4),(9,'010907GAB*JO',19,1,4,23.09,'N',23.53,2,4),(9,'010907GAB*JO',41,1,4,22.88,'N',24.4,2,4),(9,'011308TEAEFE',8,1,6,65.06,'N',60.18,12,0),(9,'011308TEAEFE',32,1,2,32.88,'N',32.5,5,1),(9,'011700TRAASA',22,1,6,102.31,'N',102.32,5,1),(9,'011700TRAASA',38,1,6,112.28,'N',110.4,4,2),(9,'011700TRAASA',48,1,6,NULL,'N',45.14,6,0),(9,'011905RIE*WA',11,2,1,41.77,'N',41.93,10,0),(9,'011905RIE*WA',23,1,5,48.45,'N',47.32,2,4),(9,'012208ARJ*RA',7,1,6,64.8,'N',66,9,0),(9,'012208ARJ*RA',19,1,2,27.28,'N',26.92,4,2),(9,'012208ARJ*RA',31,1,6,34.25,'N',34.4,5,1),(9,'012208DREEEW',8,1,2,57.97,'N',55.65,10,0),(9,'012208DREEEW',20,1,6,28.31,'N',29.77,5,1),(9,'012208DREEEW',32,1,6,33.87,'N',34.63,6,0),(9,'012802LERAWA',14,1,3,88.12,'N',92.58,9,0),(9,'012802LERAWA',22,1,1,102.2,'N',105.18,6,0),(9,'012805MARMGA',1,1,3,96.89,'N',91.83,1,6),(9,'012805MARMGA',11,1,1,NULL,'N',37.43,4,2),(9,'012805MARMGA',33,1,1,NULL,'N',47.45,2,4),(9,'012805MARMGA',43,1,3,47.77,'N',45.53,2,4),(9,'013004ZIO*FR',10,1,2,54.34,'N',50.01,8,0),(9,'013004ZIO*FR',36,1,2,NULL,'Y',NULL,NULL,NULL),(9,'020104RYA*KI',9,2,3,34.84,'N',33.81,3,3),(9,'020104RYA*KI',15,1,3,93.81,'N',93.2,3,3),(9,'020104RYA*KI',35,1,5,48.7,'N',49.01,6,0),(9,'020104RYA*KI',45,1,3,43.31,'N',40.15,2,4),(9,'020705TULHRO',23,1,6,54.5,'N',52.78,6,0),(9,'020802MATRBR',13,1,6,79.84,'N',85.09,6,0),(9,'020802MATRBR',21,1,2,87.5,'N',100.83,4,2),(9,'020802MATRBR',27,1,6,97.22,'N',95.89,4,2),(9,'020802MATRBR',37,1,4,88.2,'N',97.57,2,4),(9,'020910MAD*MA',6,1,1,33.72,'N',31.53,10,0),(9,'020910MAD*MA',30,1,1,43.2,'N',34.64,3,3),(9,'021103PARTRO',15,1,4,74.83,'N',75.58,1,6),(9,'021103PARTRO',25,1,2,35.28,'N',34.64,2,4),(9,'021103PARTRO',35,1,4,39.07,'N',39.87,1,6),(9,'021103PARTRO',45,1,4,33.66,'N',33.5,1,6),(9,'021304JAK*ES',9,1,3,35.69,'N',33.69,2,4),(9,'021304JAK*ES',15,1,1,99.4,'N',95.43,5,1),(9,'021304JAK*ES',35,1,1,49.83,'N',46.31,5,1),(9,'021304JAK*ES',45,1,1,52.19,'N',44.37,5,1),(9,'021409JOS*SC',5,1,1,NULL,'N',39.66,6,0),(9,'021409JOS*SC',39,1,1,NULL,'Y',NULL,NULL,NULL),(9,'021410THO*SZ',5,2,3,29.99,'N',30.66,2,4),(9,'021410THO*SZ',29,1,3,38.4,'N',48.9,3,3),(9,'021410THO*SZ',39,1,5,45.65,'Y',NULL,NULL,NULL),(9,'022203ANYRBI',10,2,1,37.69,'N',38.66,5,1),(9,'022203ANYRBI',16,1,1,97.28,'N',97.33,5,1),(9,'022203ANYRBI',26,1,5,45.53,'N',45.39,4,2),(9,'022203ANYRBI',46,1,1,45.53,'N',45.21,3,3),(9,'022310ARI*SA',6,1,3,25.79,'N',25.22,4,2),(9,'022310ARI*SA',18,1,1,31.9,'N',33.56,5,1),(9,'022310ARI*SA',40,1,5,28.62,'N',28.14,3,3),(9,'022409ELLELO',6,1,2,33.7,'N',31.82,11,0),(9,'022608MAS*GA',19,1,3,21.35,'N',22.43,1,6),(9,'022608MAS*GA',31,1,3,26.83,'N',27.22,2,4),(9,'022608MAS*GA',41,1,5,24.46,'N',26.64,3,3),(9,'022805RACCRE',2,1,3,98.89,'N',99.09,2,4),(9,'022805RACCRE',24,1,3,47.26,'N',47.57,2,4),(9,'022805RACCRE',34,1,3,49.59,'N',48.37,1,6),(9,'022805RACCRE',44,1,3,43.89,'N',45.52,3,3),(9,'030404CAM*PA',9,1,2,47.71,'N',52.58,10,0),(9,'030803ELLGSE',10,2,4,33.25,'N',33.53,1,6),(9,'030803ELLGSE',16,1,2,89.5,'N',92.19,4,2),(9,'030803ELLGSE',36,1,4,40.98,'N',40.78,2,4),(9,'030999MERLMU',14,2,3,74.57,'N',73.44,3,3),(9,'030999MERLMU',22,1,3,95.13,'N',93.09,3,3),(9,'030999MERLMU',28,1,3,89.15,'N',89.7,4,2),(9,'030999MERLMU',48,1,3,37.38,'N',36.34,1,6),(9,'031201RAEMCA',14,1,1,NULL,'N',81.78,5,1),(9,'031201RAEMCA',28,1,1,NULL,'N',95.5,6,0),(9,'031201RAEMCA',38,1,1,NULL,'N',112.62,5,1),(9,'031201RAEMCA',48,1,1,NULL,'N',44.31,5,1),(9,'031299WILTQU',13,1,5,83.91,'N',67.45,3,3),(9,'031299WILTQU',27,1,3,79.84,'N',75.19,2,4),(9,'031299WILTQU',37,1,3,90.01,'N',87.09,1,6),(9,'031299WILTQU',47,1,5,41.1,'N',34.76,3,3),(9,'031506SACRBI',1,1,1,104.36,'N',100.75,6,0),(9,'031506SACRBI',11,1,3,42.79,'N',41.33,7,0),(9,'031506SACRBI',33,1,5,52.26,'N',50.63,5,1),(9,'031506SACRBI',43,1,5,51.63,'N',54.37,6,0),(9,'031808XAV*MA',7,2,1,59.78,'N',56.08,7,0),(9,'031808XAV*MA',19,1,1,36.03,'N',34.03,6,0),(9,'040605ZACCHA',1,1,5,104.18,'N',99.81,3,3),(9,'040605ZACCHA',11,2,5,37.28,'N',36.39,1,6),(9,'040605ZACCHA',23,1,1,49.9,'N',49.4,3,3),(9,'040605ZACCHA',43,1,1,54.25,'N',52.25,4,2),(9,'040899JULMCA',14,1,5,90.51,'N',87.25,8,0),(9,'042104NIC*BA',9,2,2,34.96,'N',34.33,5,1),(9,'042104NIC*BA',35,1,6,42.63,'N',43.27,3,3),(9,'042208TOM*SP',7,1,4,53.09,'N',56.28,8,0),(9,'042208TOM*SP',41,1,6,26.95,'N',26.83,4,2),(9,'042310ALIRRE',6,2,4,26.28,'N',27.97,7,0),(9,'043006CAI*KI',2,1,1,NULL,'N',95.64,1,6),(9,'043006CAI*KI',12,2,3,37.13,'N',34.45,1,6),(9,'043006CAI*KI',34,1,5,56.08,'N',53.84,4,2),(9,'043006CAI*KI',44,1,5,47.46,'N',41.88,2,4),(9,'050107SOFASA',8,1,4,54.83,'N',54.41,9,0),(9,'050107SOFASA',32,1,4,25.64,'N',25.59,2,4),(9,'050107SOFASA',42,1,6,29.28,'N',28.63,6,0),(9,'050204ROBKCA',9,2,1,35.53,'N',36.01,8,0),(9,'050204ROBKCA',25,1,3,41.34,'N',41.39,3,3),(9,'050808CHR*BO',7,1,5,84.45,'N',79.69,10,0),(9,'051805KALABR',1,1,4,95.6,'N',95.12,2,4),(9,'051805KALABR',11,2,4,35.9,'N',36.58,3,3),(9,'051805KALABR',33,1,4,46.01,'N',46.95,1,6),(9,'051805KALABR',43,1,2,45.39,'N',46.53,3,3),(9,'052403REDAMI',10,2,2,36.82,'N',36.02,3,3),(9,'052403REDAMI',16,1,4,89.37,'N',90.44,3,3),(9,'052403REDAMI',26,1,4,42.64,'N',43.12,2,4),(9,'052405MEL*KA',2,1,2,104.7,'N',105.85,4,2),(9,'052405MEL*KA',12,1,2,43.72,'N',45.15,7,0),(9,'052405MEL*KA',24,1,2,52.32,'N',55.49,3,3),(9,'052405MEL*KA',34,1,4,48.4,'N',48.5,2,4),(9,'052599SAM*BR',13,1,3,64.41,'N',63.71,2,4),(9,'052599SAM*BR',21,1,3,81.19,'N',83.02,2,4),(9,'052599SAM*BR',47,1,3,30.56,'N',30.27,2,4),(9,'052708ERO*KA',7,1,2,57.38,'N',51.39,4,2),(9,'052708ERO*KA',31,1,4,27.52,'N',26.71,1,6),(9,'052808KYL*LI',7,2,5,53.59,'N',53.69,6,0),(9,'052808KYL*LI',31,1,5,30.06,'N',32.03,3,3),(9,'052808KYL*LI',41,1,1,30.27,'N',30.68,6,0),(9,'060110AVN*GI',6,2,2,29.96,'N',27.77,6,0),(9,'060110AVN*GI',18,1,2,35.53,'N',33.97,6,0),(9,'060403LAUJSE',10,2,3,33.81,'N',33.59,2,4),(9,'060403LAUJSE',16,1,5,86.13,'N',87.2,2,4),(9,'060403LAUJSE',36,1,5,40.8,'N',41.19,3,3),(9,'060403LAUJSE',46,1,5,38.67,'N',39.63,2,4),(9,'060606NAO*ES',2,1,5,108.07,'N',106.53,6,0),(9,'060606NAO*ES',8,2,3,42,'N',44.19,3,3),(9,'060606NAO*ES',20,1,3,23.34,'N',23.63,2,4),(9,'060606NAO*ES',42,1,3,24.13,'N',21.89,3,3),(9,'061205XUNYLO',12,2,4,38.5,'N',36.66,2,4),(9,'061205XUNYLO',24,1,4,49.22,'N',46.22,1,6),(9,'061205XUNYLO',44,1,4,40.99,'N',40.53,1,6),(9,'062007ANY*TO',8,2,5,44.94,'N',46.32,5,1),(9,'062007ANY*TO',32,1,1,27.78,'N',27.36,4,2),(9,'062007ANY*TO',42,1,5,25.76,'N',27.58,5,1),(9,'070308JAE*FA',6,1,6,NULL,'N',20.76,1,6),(9,'070308JAE*FA',18,1,6,NULL,'N',25.46,1,6),(9,'070308JAE*FA',40,1,6,NULL,'N',27.49,2,4),(9,'070505JONSMC',1,1,2,99,'N',100.57,5,1),(9,'070505JONSMC',11,1,2,41.88,'N',40.01,6,0),(9,'070505JONSMC',33,1,2,48.11,'N',48.27,4,2),(9,'070505JONSMC',43,1,4,44.46,'N',45.07,1,6),(9,'070899ILCPHE',14,2,2,72.95,'N',72.82,2,4),(9,'070899ILCPHE',28,1,6,86.87,'N',86,2,4),(9,'070899ILCPHE',38,1,4,95.25,'N',98.28,1,6),(9,'070899ILCPHE',48,1,2,39.38,'N',40,4,2),(9,'071804ARI*JO',11,2,2,36.75,'N',36.4,2,4),(9,'071804ARI*JO',23,1,2,48.37,'N',50.21,4,2),(9,'071804ARI*JO',43,1,6,50.68,'N',53.18,5,1),(9,'072100GABRAN',14,2,4,70.97,'N',71.51,1,6),(9,'072100GABRAN',22,1,2,89.55,'N',89.74,2,4),(9,'072100GABRAN',28,1,4,83.31,'N',83.99,1,6),(9,'072100GABRAN',48,1,4,36.65,'N',37.38,2,4),(9,'072204CLA*LE',12,1,4,41.66,'N',40.88,5,1),(9,'073005EMIECA',12,1,6,47.65,'N',48.06,8,0),(9,'073007MILJHI',7,2,6,51.53,'N',51.56,5,1),(9,'073007MILJHI',19,1,6,28.5,'N',27.44,5,1),(9,'080105SHO*LE',12,2,2,41.06,'N',40.07,3,3),(9,'080105SHO*LE',24,1,6,67.37,'N',62.33,5,1),(9,'080105SHO*LE',44,1,6,56.28,'Y',NULL,NULL,NULL),(9,'080609AAR*OR',5,2,4,33.49,'N',31.66,4,2),(9,'080609AAR*OR',17,1,6,50.63,'N',38.56,2,4),(9,'080609AAR*OR',29,1,4,43.61,'N',37.84,1,6),(9,'080907OLISRE',8,1,5,49.97,'N',49.64,7,0),(9,'080907OLISRE',20,1,1,30.14,'N',34.07,6,0),(9,'081005ANTJSA',11,1,4,41.47,'N',41.69,9,0),(9,'081906AMYTSA',2,1,4,102.41,'N',106.41,5,1),(9,'081906AMYTSA',8,2,4,39.91,'N',40.59,1,6),(9,'081906AMYTSA',20,1,2,23.31,'N',25.15,3,3),(9,'081906AMYTSA',42,1,2,21.37,'N',20.33,1,6),(9,'082500CONPMA',13,1,2,68.21,'N',70.26,4,2),(9,'082500CONPMA',27,1,2,79.89,'N',85.54,3,3),(9,'082500CONPMA',37,1,2,100.33,'N',102.91,3,3),(9,'082500CONPMA',47,1,2,36.58,'N',45.02,5,1),(9,'090105MIK*SE',1,1,6,103.31,'N',99.82,4,2),(9,'090105MIK*SE',11,2,6,38.19,'N',39.75,5,1),(9,'090105MIK*SE',23,1,4,47.37,'N',44.63,1,6),(9,'090105MIK*SE',33,1,6,50.02,'N',48.2,3,3),(9,'090106EMIKTE',8,1,1,56.22,'N',56.25,11,0),(9,'090106EMIKTE',20,1,5,26.53,'N',25.28,4,2),(9,'090106EMIKTE',32,1,5,27.23,'N',26.19,3,3),(9,'090107BRYGRO',8,2,1,46.5,'N',44.71,4,2),(9,'090107BRYGRO',32,1,3,25.98,'N',25.32,1,6),(9,'090107BRYGRO',42,1,1,26.26,'N',22.75,4,2),(9,'090308CAT*BU',6,2,3,23.59,'N',23.82,3,3),(9,'090308CAT*BU',18,1,3,26.5,'N',27.9,3,2.5),(9,'090308CAT*BU',30,1,5,30.67,'N',31.82,2,4),(9,'091009SAM*RO',6,2,1,25.4,'N',31.51,9,0),(9,'091009SAM*RO',30,1,3,30.34,'N',28.83,1,6),(9,'091009SAM*RO',40,1,1,29.16,'N',28.37,4,2),(9,'091709GEN*CH',6,2,6,31.25,'N',27.76,5,1),(9,'091709GEN*CH',30,1,4,43.88,'N',41.75,5,1),(9,'091709GEN*CH',40,1,2,41.2,'N',37.25,6,0),(9,'092108ISA*TR',6,2,5,24.84,'N',23.59,2,4),(9,'092108ISA*TR',18,1,5,28.1,'N',27.52,2,4),(9,'092108ISA*TR',40,1,3,28.27,'N',25.38,1,6),(9,'092202ESH*LU',15,1,5,95.72,'N',93.7,4,2),(9,'092202ESH*LU',25,1,5,46.26,'N',46.28,5,1),(9,'092202ESH*LU',35,1,3,45.36,'N',44.72,4,2),(9,'092202ESH*LU',45,1,5,45.03,'N',45.28,6,0),(9,'092401SKYCBL',14,2,6,76.09,'N',73.89,4,2),(9,'092401SKYCBL',22,1,4,84.69,'N',85.57,1,6),(9,'092401SKYCBL',28,1,2,83.78,'N',86.97,3,3),(9,'092401SKYCBL',38,1,2,100,'N',101.09,2,4),(9,'100199RAGLFE',38,1,5,116.52,'N',114.28,6,0),(9,'100603MIL*SA',9,1,6,NULL,'N',35.83,7,0),(9,'100909CHA*TE',5,2,5,33.1,'N',30.37,1,6),(9,'100909CHA*TE',17,1,5,41.84,'N',38.34,1,6),(9,'100909CHA*TE',39,1,3,41.4,'Y',NULL,NULL,NULL),(9,'101000LEXGZI',14,2,1,85.37,'N',84.09,7,0),(9,'101000LEXGZI',38,1,3,113.46,'N',109.91,3,3),(9,'101410KALAMI',6,1,4,31.91,'N',32.32,12,0),(9,'101410KALAMI',30,1,2,49.73,'Y',NULL,NULL,NULL),(9,'101807LINLYO',8,2,2,41.83,'N',43.78,2,4),(9,'101807LINLYO',20,1,4,23.09,'N',22.91,1,6),(9,'101807LINLYO',42,1,4,20.83,'N',21.19,2,4),(9,'101810ALE*RE',6,1,5,30.19,'N',31.22,8,0),(9,'102202ETHDPH',9,2,4,28.71,'N',28.88,1,6),(9,'102202ETHDPH',15,1,2,75.62,'N',80.44,2,4),(9,'102202ETHDPH',25,1,4,33.27,'N',33.91,1,6),(9,'102202ETHDPH',35,1,2,39.89,'N',40.51,2,4),(9,'102307CAR*KI',8,1,3,49.95,'N',47.78,6,0),(9,'102400GRACHE',14,2,5,82.04,'N',82.76,6,0),(9,'102400GRACHE',22,1,5,97.53,'N',97.02,4,2),(9,'102400GRACHE',28,1,5,91.46,'N',90.01,5,1),(9,'102400GRACHE',48,1,5,40.66,'N',39.87,3,3),(9,'102604AMEMMA',2,1,6,105.72,'N',102.88,3,3),(9,'102604AMEMMA',12,2,6,41.37,'N',40.81,4,2),(9,'102604AMEMMA',34,1,2,51.13,'N',51.21,3,3),(9,'102604AMEMMA',44,1,2,54.68,'N',50.58,4,2),(9,'102902EDSEOR',9,2,6,35.16,'N',34.55,6,0),(9,'102902EDSEOR',45,1,2,44.15,'N',43.28,3,3),(9,'103102ELL*ES',10,1,3,40.19,'N',40.58,6,0),(9,'103102ELL*ES',26,1,1,51.89,'N',50.96,5,1),(9,'103102ELL*ES',36,1,1,NULL,'N',51.63,4,2),(9,'110100MATSKE',13,1,1,NULL,'N',74.5,5,1),(9,'110100MATSKE',21,1,5,NULL,'N',99.03,3,3),(9,'110100MATSKE',47,1,1,NULL,'N',37.58,4,2),(9,'110703OON*GI',10,1,4,44.85,'N',45.03,7,0),(9,'110703OON*GI',16,1,6,NULL,'N',121.94,6,0),(9,'110703OON*GI',26,1,6,55.87,'N',59.26,6,0),(9,'110703OON*GI',36,1,6,57.48,'N',57.58,5,1),(9,'111905LORLSO',34,1,6,76.82,'Y',NULL,NULL,NULL),(9,'112106DAVISE',7,2,3,38.28,'N',38.9,1,6),(9,'112106DAVISE',19,1,5,24.83,'N',24.06,3,3),(9,'112106DAVISE',41,1,3,19.69,'N',20.65,1,6),(9,'113005BENRWA',11,2,3,NULL,'N',42.71,12,0),(9,'113005BENRWA',23,1,3,NULL,'N',50.78,5,1),(9,'120305FRASSO',11,1,6,44.21,'N',41.47,8,0),(9,'120503NIC*SZ',16,1,3,76.53,'N',76.32,1,6),(9,'120503NIC*SZ',26,1,3,35.7,'N',35.27,1,6),(9,'120503NIC*SZ',36,1,3,39.89,'N',39.39,1,6),(9,'120503NIC*SZ',46,1,3,34.12,'N',34.68,1,6),(9,'120599EVECBL',13,1,4,60.43,'N',59.89,1,6),(9,'120599EVECBL',21,1,4,69.4,'N',73.44,1,6),(9,'120599EVECBL',27,1,4,70.26,'N',69.09,1,6),(9,'120599EVECBL',47,1,4,29.72,'N',29.88,1,6),(9,'120810PET*BU',5,1,3,40.31,'N',38.34,5,1),(9,'120810PET*BU',17,1,1,44.33,'N',39.81,3,3),(9,'120810PET*BU',29,1,5,50.52,'N',43.42,2,4),(9,'121208LAU*TU',18,1,4,30.67,'N',27.9,3,2.5),(9,'121208LAU*TU',30,1,6,50.22,'N',40.41,4,2),(9,'121208LAU*TU',40,1,4,33.34,'N',31.51,5,1),(9,'121310DAN*MU',5,2,1,37.91,'N',41.03,7,0),(9,'121310DAN*MU',17,1,3,40.47,'N',48.75,5,1),(9,'121310DAN*MU',29,1,1,NULL,'Y',NULL,NULL,NULL),(9,'121507FRA*CO',8,2,6,53.87,'N',53.1,8,0),(9,'121603JUSRWA',9,2,5,35.3,'N',34.31,4,2),(9,'121603JUSRWA',25,1,1,47,'N',42.93,4,2),(9,'122002EUGEAY',9,1,4,36.83,'N',39.75,9,0),(9,'122002EUGEAY',15,1,6,94.75,'N',97.07,6,0),(9,'122002EUGEAY',25,1,6,47,'N',49.81,6,0),(9,'122002EUGEAY',45,1,6,44.65,'N',44.17,4,2),(9,'122008TAYJOL',5,2,6,34.69,'N',30.98,3,3),(9,'122008TAYJOL',17,1,2,37.63,'N',40.69,4,2),(9,'122008TAYJOL',39,1,4,43.88,'N',41.5,1,6),(9,'122204FEL*LE',11,1,5,43.75,'N',42.7,11,0),(9,'122204FEL*LE',33,1,3,NULL,'N',53.32,NULL,0),(9,'122705ELIAMA',12,2,1,47.96,'N',52.53,9,0),(9,'122705ELIAMA',24,1,1,69.26,'Y',NULL,NULL,NULL),(9,'122705ELIAMA',34,1,1,57.01,'N',55.81,5,1),(9,'122706SAMEZI',7,1,1,101.69,'N',80.69,11,0),(9,'122706SAMEZI',31,1,1,NULL,'N',36.82,6,0),(9,'123102PEYEMA',10,2,6,NULL,'N',37.53,4,2),(9,'123102PEYEMA',26,1,2,43.72,'N',43.43,3,3),(9,'123102PEYEMA',46,1,6,NULL,'N',46.83,NULL,0),(10,'010303ARR*MA',9,1,1,38.51,'N',40.35,9,0),(10,'010303ARR*MA',35,1,3,43.02,'N',43.4,2,4),(10,'010303CAMMPA',10,1,5,41.25,'N',40.45,9,0),(10,'010303CAMMPA',36,1,5,49.18,'N',48.88,3,3),(10,'010303CAMMPA',46,1,1,46.93,'N',45.7,6,0),(10,'010402HELSAS',14,1,2,126.84,'N',126.95,7,0),(10,'010402HELSAS',38,1,6,177.94,'N',158.01,5,1),(10,'010407DIE*MA',7,2,2,46.72,'N',47.21,7,0),(10,'010407DIE*MA',19,1,2,26.28,'N',25.87,5,1),(10,'010407DIE*MA',41,1,2,23.68,'N',24.39,5,1),(10,'010907GAB*JO',7,2,4,39.87,'N',38.81,3,3),(10,'010907GAB*JO',19,1,4,23.09,'N',21.52,2,4),(10,'010907GAB*JO',41,1,4,22.88,'N',22.53,4,2),(10,'011207AXEFBA',7,2,5,38.25,'N',38.41,2,4),(10,'011207AXEFBA',19,1,1,23.26,'N',23.44,4,2),(10,'011207AXEFBA',31,1,5,23.46,'N',23.57,2,4),(10,'011308TEAEFE',8,1,6,60.18,'N',63.33,8,0),(10,'011308TEAEFE',32,1,6,32.5,'N',34.09,4,2),(10,'011700TRAASA',14,1,4,83.29,'N',80.86,5,1),(10,'011700TRAASA',22,1,6,102.31,'N',96.26,4,2),(10,'011700TRAASA',38,1,2,110.4,'N',111.44,4,2),(10,'012208ARJ*RA',7,1,2,64.8,'N',60.09,11,0),(10,'012208ARJ*RA',19,1,6,26.92,'N',27.77,6,0),(10,'012208ARJ*RA',31,1,4,34.25,'Y',NULL,NULL,NULL),(10,'012208DREEEW',8,1,2,55.65,'N',56.15,7,0),(10,'012208DREEEW',20,1,2,28.31,'N',32.27,5,1),(10,'012308ALE*CH',1,1,5,100.38,'N',98.21,2,4),(10,'012308ALE*CH',19,1,3,20.48,'N',20.46,1,6),(10,'012308ALE*CH',31,1,3,23.41,'N',23.32,1,6),(10,'012308ALE*CH',41,1,5,18.78,'N',19.16,1,6),(10,'012503HRI*TA',10,1,3,38.5,'N',39.83,8,0),(10,'012611HUI*WU',6,1,3,58.28,'N',42.76,8,0),(10,'013100JUA*RA',13,2,3,58.6,'N',58.5,1,6),(10,'013100JUA*RA',27,1,3,67.88,'N',67.44,1,6),(10,'013100JUA*RA',37,1,3,80.26,'N',79.53,1,6),(10,'013100JUA*RA',47,1,3,28.32,'N',27.88,1,6),(10,'020305DAVHCL',11,2,1,42.72,'N',40.4,6,0),(10,'020305DAVHCL',23,1,5,52.4,'N',54.44,5,1),(10,'020305DAVHCL',33,1,5,51.34,'N',50,5,1),(10,'020802MATRBR',13,1,4,79.84,'N',82.46,10,0),(10,'020802MATRBR',21,1,6,87.5,'N',101.9,4,2),(10,'020802MATRBR',27,1,6,95.89,'N',94.53,6,0),(10,'020802MATRBR',37,1,4,88.2,'N',94.54,3,3),(10,'020803BRY*LO',9,1,2,50.84,'N',47.93,10,0),(10,'021103PARTRO',15,1,4,74.83,'N',77.64,2,4),(10,'021103PARTRO',25,1,2,34.64,'N',34.59,1,6),(10,'021103PARTRO',35,1,4,39.07,'N',39.93,1,6),(10,'021103PARTRO',45,1,4,33.5,'N',34.39,2,4),(10,'021311JOHAJA',5,1,1,56.41,'N',69.06,8,0),(10,'021904AZA*SH',9,1,6,NULL,'N',56.13,11,0),(10,'022409ELLELO',6,1,2,31.82,'N',31.77,6,0),(10,'022607ALIAJO',8,2,5,51.17,'N',51.71,5,1),(10,'022607ALIAJO',20,1,5,28.43,'N',29.88,4,2),(10,'022607ALIAJO',42,1,5,30.33,'N',29.84,4,2),(10,'030803ELLGSE',10,2,4,33.25,'N',33.84,1,6),(10,'030803ELLGSE',16,1,2,89.5,'N',91.58,3,3),(10,'030803ELLGSE',36,1,4,40.78,'N',40.93,1,6),(10,'030803ELLGSE',46,1,2,45.51,'N',45.01,5,1),(10,'031900ANNIMA',22,1,5,104.46,'N',105.09,5,1),(10,'031900ANNIMA',28,1,5,92.91,'N',94.57,5,1),(10,'031900ANNIMA',38,1,3,93.41,'N',92.03,1,6),(10,'031900ANNIMA',48,1,5,41.36,'N',41.52,5,1),(10,'031903LOR*MU',10,2,6,37.24,'N',37.93,5,1),(10,'031903LOR*MU',26,1,6,52.91,'N',48.39,4,2),(10,'031903LOR*MU',46,1,6,51.56,'N',44.59,3,3),(10,'032105ZOI*FR',12,1,6,NULL,'N',53.75,12,0),(10,'032105ZOI*FR',34,1,2,68.12,'Y',NULL,NULL,NULL),(10,'032111DEGNRA',5,1,3,34.53,'N',33.71,6,0),(10,'032111DEGNRA',17,1,1,41.34,'Y',NULL,NULL,NULL),(10,'032111DEGNRA',29,1,5,NULL,'Y',NULL,NULL,NULL),(10,'032601CARMKI',14,2,5,96.32,'N',95,6,0),(10,'032601CARMKI',28,1,1,110.45,'N',109.82,6,0),(10,'032601CARMKI',38,1,5,108.25,'N',108.76,3,3),(10,'032601CARMKI',48,1,1,55.56,'N',56.15,6,0),(10,'032800DAVACA',13,1,1,79.84,'N',80.28,9,0),(10,'032906PETWSO',11,1,5,44.38,'N',43.62,9,0),(10,'032906PETWSO',33,1,1,55.25,'N',52.82,6,0),(10,'032906WILDJA',11,1,1,47.22,'N',47.52,12,0),(10,'041511JAD*TR',5,1,5,40.63,'N',36.07,7,0),(10,'042106LANJHE',12,1,3,38.34,'N',39.51,5,1),(10,'042208TOM*SP',7,1,4,53.09,'N',51.39,9,0),(10,'042208TOM*SP',31,1,2,34.59,'N',34.22,3,3),(10,'042208TOM*SP',41,1,6,26.83,'N',28.21,6,0),(10,'042303JUSJGO',9,1,3,34.5,'N',34.78,6,0),(10,'042303JUSJGO',15,1,1,88.2,'N',86.01,5,1),(10,'042303JUSJGO',35,1,5,45.88,'N',46.08,3,3),(10,'042303JUSJGO',45,1,1,39.33,'N',36.97,5,1),(10,'042808SHR*GH',7,2,1,40.37,'N',43.12,5,1),(10,'043007RYA*PA',7,1,3,42.21,'N',41.26,4,2),(10,'043007RYA*PA',31,1,1,25.47,'Y',NULL,NULL,NULL),(10,'043007RYA*PA',41,1,1,20.94,'N',21.19,3,3),(10,'050107SOFASA',8,1,4,54.41,'N',50.5,4,2),(10,'050107SOFASA',32,1,4,25.59,'N',27.88,1,6),(10,'050107SOFASA',42,1,6,28.63,'N',31.02,5,1),(10,'051104DIA*AN',10,1,6,42.65,'N',42.14,10,0),(10,'051509JOCNCA',18,1,3,39.03,'N',37.72,4,2),(10,'051509JOCNCA',30,1,5,53.96,'N',58.51,4,2),(10,'051509JOCNCA',40,1,5,38.78,'Y',NULL,NULL,NULL),(10,'051805KALABR',1,1,4,95.12,'N',98.22,3,3),(10,'051805KALABR',11,2,4,35.9,'N',37.59,5,1),(10,'051805KALABR',33,1,4,46.01,'N',47.64,1,6),(10,'051805KALABR',43,1,2,45.39,'N',48.06,4,2),(10,'052101ZEEMAN',13,2,1,75.2,'N',76.31,7,0),(10,'052101ZEEMAN',27,1,5,88.11,'N',88.96,5,1),(10,'052101ZEEMAN',37,1,1,94.08,'N',98.82,4,2),(10,'052101ZEEMAN',47,1,5,38.75,'N',39.38,4,2),(10,'052403REDAMI',10,2,2,36.02,'N',37.64,4,2),(10,'052403REDAMI',16,1,4,89.37,'N',90.13,2,4),(10,'052403REDAMI',26,1,4,42.64,'N',43.45,1,6),(10,'052403REDAMI',46,1,4,38.47,'N',39.63,2,4),(10,'060110AVN*GI',6,1,4,27.77,'N',28.08,4,2),(10,'060110AVN*GI',18,1,6,33.97,'N',33.88,3,3),(10,'060204ABI*BE',2,1,3,85.88,'N',84.84,1,6),(10,'060204ABI*BE',12,2,3,34.68,'N',35.02,1,6),(10,'060204ABI*BE',34,1,3,42.51,'N',44.08,1,6),(10,'060204ABI*BE',44,1,3,38.64,'N',38.08,1,6),(10,'061205XUNYLO',2,1,6,115.03,'N',102.93,5,1),(10,'061205XUNYLO',12,2,4,36.66,'N',37.82,3,3),(10,'061205XUNYLO',24,1,4,46.22,'N',45.57,1,6),(10,'061205XUNYLO',44,1,4,40.53,'N',39.97,3,3),(10,'061509JEH*TR',5,2,1,32.63,'N',26.27,1,6),(10,'061602NICABA',10,2,3,34.19,'N',33.89,2,4),(10,'061602NICABA',16,1,3,90.68,'N',87.88,1,6),(10,'061602NICABA',26,1,3,42.6,'N',43.7,2,4),(10,'061602NICABA',46,1,3,41.23,'N',39,1,6),(10,'061807ABH*DH',7,1,1,57.9,'N',56.84,10,0),(10,'062003IVADSO',9,2,1,33.76,'N',34.19,4,2),(10,'062003IVADSO',25,1,1,41.32,'N',42.28,5,1),(10,'062005AURRCH',2,1,5,91.75,'N',98.22,3,3),(10,'062005AURRCH',12,2,5,36.55,'N',37.39,2,4),(10,'062005AURRCH',24,1,3,42.78,'N',48.58,3,3),(10,'062207PATBOR',7,2,6,51.52,'N',49.9,8,0),(10,'062207PATBOR',31,1,6,35.29,'N',35.18,4,2),(10,'063005OCETBA',12,2,1,38.32,'N',38.01,4,2),(10,'070308JAE*FA',18,1,4,25.46,'N',23.94,1,6),(10,'070308JAE*FA',30,1,6,NULL,'N',31.16,2,4),(10,'070308JAE*FA',40,1,4,27.49,'N',27.45,1,6),(10,'070505JONSMC',1,1,6,98,'N',103.59,6,0),(10,'070505JONSMC',11,1,2,40.01,'N',43.63,10,0),(10,'070505JONSMC',33,1,2,48.11,'N',47.89,2,4),(10,'070505JONSMC',43,1,4,44.46,'N',49.19,5,1),(10,'070899ILCPHE',14,2,2,72.82,'N',72.01,3,3),(10,'070899ILCPHE',28,1,6,86,'N',85.54,4,2),(10,'070899ILCPHE',38,1,4,95.25,'N',93.43,2,4),(10,'070899ILCPHE',48,1,6,39.38,'N',38.88,4,2),(10,'071804ARI*JO',11,2,2,36.4,'N',36.14,2,4),(10,'071804ARI*JO',23,1,6,48.37,'N',48.19,4,2),(10,'072100GABRAN',14,2,4,70.97,'N',71.57,2,4),(10,'072100GABRAN',22,1,2,89.55,'N',91.45,3,3),(10,'072100GABRAN',28,1,4,83.31,'N',85,3,3),(10,'072100GABRAN',48,1,2,36.65,'N',35.84,3,3),(10,'072204CLA*LE',12,1,4,40.88,'N',41.57,7,0),(10,'072209PET*ZH',5,2,3,27.21,'N',27.33,2,4),(10,'072209PET*ZH',17,1,5,36.06,'N',34.4,3,3),(10,'072706SOP*ES',8,2,1,55.2,'N',53.59,6,0),(10,'072706SOP*ES',32,1,5,36.15,'N',35.97,5,1),(10,'072706SOP*ES',42,1,1,32.72,'N',32.9,6,0),(10,'073005LEE*CH',24,1,5,43.31,'N',45.58,2,4),(10,'073005LEE*CH',34,1,1,50.78,'N',50.78,3,3),(10,'073005LEE*CH',44,1,5,39.03,'N',39.51,2,4),(10,'080105SHO*LE',12,2,2,40.07,'N',39.83,6,0),(10,'080105SHO*LE',24,1,6,62.33,'Y',NULL,NULL,NULL),(10,'080105SHO*LE',44,1,2,56.28,'N',49.96,4,2),(10,'080201MAX*CO',13,2,6,78.06,'N',75.15,6,0),(10,'080201MAX*CO',37,1,2,124.03,'N',116.93,5,1),(10,'080201MAX*CO',47,1,2,43.31,'N',41.96,5,1),(10,'080609AAR*OR',5,1,4,31.66,'N',31.53,5,1),(10,'080609AAR*OR',29,1,4,37.84,'N',37.17,2,4),(10,'080703MARECA',10,2,5,37.47,'N',39.21,7,0),(10,'081005ANTJSA',47,1,6,58,'N',56.06,6,0),(10,'081806EMAPJA',20,1,3,21.32,'N',22.82,1,6),(10,'081806EMAPJA',32,1,3,26.33,'N',28.38,3,3),(10,'081806EMAPJA',42,1,3,21.67,'N',24.51,3,3),(10,'081810FER*MO',5,2,4,29.41,'N',30.56,3,3),(10,'081810FER*MO',17,1,4,32.45,'N',34.15,2,4),(10,'081810FER*MO',39,1,2,42.87,'Y',NULL,NULL,NULL),(10,'081906AMYTSA',2,1,4,102.41,'N',102.71,4,2),(10,'081906AMYTSA',8,2,4,39.91,'N',41.84,1,6),(10,'081906AMYTSA',32,1,2,25.72,'N',27.92,2,4),(10,'081906AMYTSA',42,1,4,20.33,'N',20.84,1,6),(10,'082500CONPMA',13,2,2,68.21,'N',71.78,3,3),(10,'082500CONPMA',21,1,2,83.93,'N',90.55,2,4),(10,'082500CONPMA',27,1,2,79.89,'N',86.43,3,3),(10,'082904BELVGE',2,1,1,92.31,'N',92.96,2,4),(10,'083105JOSELO',1,1,3,93.81,'N',92.31,1,6),(10,'083105JOSELO',11,2,3,35.15,'N',35.03,1,6),(10,'083105JOSELO',23,1,3,46.4,'N',47.01,3,3),(10,'083105JOSELO',43,1,3,43.58,'N',43.7,2,4),(10,'090105MIK*SE',11,2,6,38.19,'N',40.81,7,0),(10,'090105MIK*SE',23,1,2,44.63,'N',45.51,2,4),(10,'090105MIK*SE',33,1,6,48.2,'N',48.38,3,3),(10,'090503ALARGE',10,1,1,41.81,'N',44.37,12,0),(10,'090503ALARGE',26,1,1,50.5,'N',51.66,5,1),(10,'091008MAN*TA',17,1,3,23.87,'N',23.95,1,6),(10,'091008MAN*TA',29,1,3,27.88,'N',27.83,1,6),(10,'091008MAN*TA',39,1,3,24.25,'N',25.07,1,6),(10,'091106DIEFRA',1,1,1,100.58,'N',99.81,4,1.5),(10,'091106DIEFRA',7,2,3,37.33,'N',37.65,1,6),(10,'091106DIEFRA',19,1,5,21.45,'N',21.95,3,3),(10,'091106DIEFRA',41,1,3,18.65,'N',19.34,2,4),(10,'091709GEN*CH',6,2,2,25.34,'N',27.2,3,3),(10,'091709GEN*CH',30,1,4,41.75,'N',41.45,3,3),(10,'091709GEN*CH',40,1,6,37.25,'N',44.26,4,2),(10,'092401SKYCBL',14,2,6,73.89,'N',75.88,4,2),(10,'092401SKYCBL',22,1,4,84.69,'N',86.6,2,4),(10,'092401SKYCBL',28,1,2,83.78,'N',84.24,2,4),(10,'092401SKYCBL',48,1,4,36.26,'N',35.69,2,4),(10,'092798SAYHVA',14,2,3,65.44,'N',67.39,1,6),(10,'092798SAYHVA',22,1,3,82.12,'N',79.03,1,6),(10,'092798SAYHVA',28,1,3,75.57,'N',76.56,1,6),(10,'092798SAYHVA',48,1,3,32.26,'N',32.15,1,6),(10,'101410KALAMI',6,1,6,31.91,'N',30.38,5,1),(10,'101410KALAMI',30,1,2,49.73,'Y',NULL,NULL,NULL),(10,'101504MARCPA',11,2,5,38.81,'N',37.52,4,2),(10,'101504MARCPA',33,1,3,50.28,'N',48.46,4,2),(10,'101504MARCPA',43,1,5,46.87,'N',43.41,1,6),(10,'101807LINLYO',8,2,2,41.83,'N',48.4,3,3),(10,'101807LINLYO',20,1,4,22.91,'N',25.31,2,4),(10,'101807LINLYO',42,1,2,20.83,'N',21.32,2,4),(10,'102202ETHDPH',9,2,4,28.71,'N',29.19,1,6),(10,'102202ETHDPH',15,1,2,75.62,'N',77.09,1,6),(10,'102202ETHDPH',25,1,4,33.27,'N',34.69,2,4),(10,'102202ETHDPH',45,1,2,34.68,'N',36.04,4,2),(10,'102208LILTJA',6,2,3,23.64,'N',23.57,1,6),(10,'102208LILTJA',30,1,3,30.69,'N',31.06,1,6),(10,'102208LILTJA',40,1,3,32.21,'N',32.07,3,3),(10,'102604AMEMMA',2,1,2,102.88,'N',104.72,6,0),(10,'102604AMEMMA',12,2,6,40.81,'N',41.9,8,0),(10,'102604AMEMMA',24,1,2,51.71,'N',52.59,4,2),(10,'102604AMEMMA',34,1,4,51.13,'N',50.21,2,4),(10,'102802CHRMFE',9,2,5,32.45,'N',33.03,3,3),(10,'102802CHRMFE',15,1,5,84.51,'N',84.57,4,2),(10,'102802CHRMFE',25,1,5,41.2,'N',41.77,4,2),(10,'102802CHRMFE',45,1,5,35.36,'N',35.44,3,3),(10,'102902EDSEOR',9,2,2,34.06,'N',34.37,5,1),(10,'102902EDSEOR',45,1,6,43.28,'N',42.97,6,0),(10,'110410ALERBA',6,2,5,34.93,'N',40.72,7,0),(10,'110410ALERBA',18,1,5,39.06,'N',40.94,5,1),(10,'110503SHA*PA',9,1,5,36.92,'N',36.53,7,0),(10,'110503SHA*PA',35,1,1,50.9,'N',50.15,5,1),(10,'110508ANDLPA',6,2,1,37.57,'N',62.81,9,0),(10,'110703OON*GI',10,1,2,42.5,'N',42.88,11,0),(10,'110703OON*GI',36,1,6,57.48,'N',56.71,5,1),(10,'110802BRIAHE',9,2,3,29.17,'N',29.63,2,4),(10,'110802BRIAHE',15,1,3,80.27,'N',82.43,3,3),(10,'110802BRIAHE',25,1,3,36.74,'N',36.9,3,3),(10,'110802BRIAHE',45,1,3,30.91,'N',32.22,1,6),(10,'110805JOSDSP',1,1,2,97.88,'N',99.81,4,1.5),(10,'110805JOSDSP',11,1,4,39.62,'N',37.48,3,3),(10,'110805JOSDSP',23,1,4,44.47,'N',44.96,1,6),(10,'110805JOSDSP',43,1,6,45.71,'N',45.95,3,3),(10,'111307CULARA',7,1,5,44.11,'N',46.08,6,0),(10,'111905LORLSO',12,1,2,48.98,'N',45.6,11,0),(10,'111905LORLSO',34,1,6,NULL,'Y',NULL,NULL,NULL),(10,'111905LORLSO',44,1,6,NULL,'Y',NULL,NULL,NULL),(10,'112100AKH*GU',13,1,3,75.55,'N',74.25,5,1),(10,'112100AKH*GU',21,1,1,105.78,'N',104.15,5,1),(10,'112100AKH*GU',27,1,1,90.75,'N',88.78,4,2),(10,'112100AKH*GU',47,1,1,39.39,'N',39.15,3,3),(10,'112700NATWES',13,1,5,78.2,'N',77.84,8,0),(10,'112700NATWES',21,1,3,99.65,'N',97.95,3,3),(10,'112900RICACA',13,2,5,75.19,'N',73.5,4,2),(10,'112900RICACA',21,1,5,103.89,'N',107.15,6,0),(10,'112900RICACA',37,1,5,93.78,'N',92.56,2,4),(10,'120104KRI*SU',12,1,5,42.51,'N',45.03,9,0),(10,'120104SHR*SU',12,1,1,43.42,'N',45.37,10,0),(10,'120305FRASSO',11,1,6,41.47,'N',41.15,8,0),(10,'120599EVECBL',13,2,4,59.89,'N',59.37,2,4),(10,'120599EVECBL',21,1,4,69.4,'N',72.48,1,6),(10,'120599EVECBL',27,1,4,69.09,'N',67.83,2,4),(10,'120599EVECBL',47,1,4,29.72,'N',29.4,2,4),(10,'121208LAU*TU',6,2,4,24.82,'N',23.89,2,4),(10,'121208LAU*TU',18,1,2,27.9,'N',31.32,2,4),(10,'121208LAU*TU',40,1,2,31.51,'N',31.21,2,4),(10,'121406JASSCA',8,2,3,46.23,'N',45.4,2,4),(10,'121406JASSCA',20,1,1,28.44,'N',28.26,3,3),(10,'121406JASSCA',32,1,1,36.64,'N',38.22,6,0),(10,'121602MAA*GU',10,2,1,38.32,'N',39.03,6,0),(10,'121602MAA*GU',16,1,5,98.63,'N',96.51,4,2),(10,'121602MAA*GU',36,1,3,44.89,'N',44.46,2,4),(10,'121602MAA*GU',46,1,5,44.68,'N',44.83,4,2),(10,'121704BENHRO',11,1,3,43.64,'N',45.94,11,0),(10,'121704BENHRO',23,1,1,58.83,'N',64.16,6,0),(10,'121704BENHRO',43,1,1,55.18,'N',59.14,6,0),(10,'122002EUGEAY',9,1,4,36.83,'N',36.96,8,0),(10,'122002EUGEAY',15,1,6,94.75,'N',95.88,6,0),(10,'122002EUGEAY',25,1,6,47,'N',46.94,6,0),(10,'122002EUGEAY',35,1,6,47.54,'N',46.52,4,2),(10,'122008TAYJOL',5,2,6,30.98,'N',30.85,4,2),(10,'122008TAYJOL',17,1,6,37.63,'N',42.22,4,2),(10,'122008TAYJOL',39,1,4,41.5,'Y',NULL,NULL,NULL),(10,'123102PEYEMA',10,1,4,37.53,'N',37.25,3,3),(10,'123102PEYEMA',16,1,6,100.75,'N',99.26,5,1),(10,'123102PEYEMA',26,1,2,43.43,'N',45.46,3,3),(10,'123102PEYEMA',36,1,2,53.25,'N',53.07,4,2),(11,'010110MAX*VA',5,1,6,45.23,'N',38.92,11,0),(11,'010110MAX*VA',29,1,6,NULL,'Y',NULL,NULL,NULL),(11,'010206JAI*GU',11,1,6,56.28,'N',56.33,10,0),(11,'011308NAT*LE',7,2,5,49.81,'N',49.14,3,3),(11,'011905RIE*WA',11,1,4,41.77,'N',41.33,5,1),(11,'011905RIE*WA',23,1,6,47.32,'N',46.34,3,3),(11,'012203ALLKWO',10,1,3,NULL,'N',31.09,1,6),(11,'012203ALLKWO',16,1,1,NULL,'N',73.87,1,6),(11,'012203ALLKWO',26,1,5,NULL,'N',34.56,2,4),(11,'012705TYLJCO',1,1,4,84.87,'N',84.28,1,6),(11,'012705TYLJCO',11,2,4,31.25,'N',31.89,1,6),(11,'012705TYLJCO',23,1,4,41.33,'N',41.97,1,6),(11,'012705TYLJCO',43,1,4,38.97,'N',38.69,1,6),(11,'012802LERAWA',14,1,6,88.12,'N',88.58,5,1),(11,'012802LERAWA',22,1,4,96.96,'N',102.56,3,3),(11,'012802LERAWA',28,1,2,98.09,'N',100.25,5,1),(11,'012802LERAWA',48,1,2,42.89,'N',41.38,5,1),(11,'020104RYA*KI',9,2,6,33.81,'N',36.16,4,2),(11,'020104RYA*KI',15,1,2,91.97,'N',95.25,2,4),(11,'020104RYA*KI',35,1,6,48.7,'N',50.21,3,3),(11,'020104RYA*KI',45,1,2,40.15,'N',43.96,2,4),(11,'020910MAD*MA',6,1,6,31.53,'N',29.82,7,0),(11,'020910MAD*MA',30,1,6,34.64,'Y',NULL,NULL,NULL),(11,'021304JAK*ES',9,2,2,33.69,'N',34,2,4),(11,'021304JAK*ES',35,1,2,46.31,'N',46.91,1,6),(11,'021304JAK*ES',45,1,6,44.37,'N',46.45,3,3),(11,'021403AME*CA',10,2,3,35.78,'N',35.99,3,3),(11,'021403AME*CA',16,1,3,88.59,'N',97.4,5,1),(11,'021403AME*CA',26,1,3,43.97,'N',47.11,3,3),(11,'021403AME*CA',46,1,3,42.31,'N',46.88,5,1),(11,'021810MAK*BA',6,1,3,38.15,'N',31.38,9,0),(11,'022310ARI*SA',6,2,6,25.22,'N',23.46,3,3),(11,'022310ARI*SA',18,1,6,31.9,'N',30.56,4,2),(11,'022310ARI*SA',40,1,2,28.14,'N',26.43,2,4),(11,'022504DANYSI',9,2,3,24.75,'N',56.4,6,0),(11,'022504DANYSI',25,1,3,NULL,'N',96.94,4,2),(11,'022504DANYSI',35,1,5,NULL,'Y',NULL,NULL,NULL),(11,'022608MAS*GA',19,1,4,21.35,'N',22.46,3,3),(11,'022608MAS*GA',31,1,4,26.56,'N',29.78,4,2),(11,'022608MAS*GA',41,1,2,24.46,'N',29.2,4,2),(11,'022805RACCRE',2,1,2,98.89,'N',98.21,2,4),(11,'022805RACCRE',24,1,4,47.26,'N',47.45,2,4),(11,'022805RACCRE',34,1,4,48.37,'N',49.2,1,6),(11,'022805RACCRE',44,1,2,43.89,'N',44.84,4,2),(11,'030999MERLMU',14,1,4,73.44,'N',72.83,2,4),(11,'030999MERLMU',28,1,4,89.15,'N',86,2,4),(11,'030999MERLMU',38,1,4,NULL,'N',105.69,2,4),(11,'030999MERLMU',48,1,4,36.34,'N',36.38,2,4),(11,'031808XAV*MA',7,2,6,56.08,'N',55.93,6,0),(11,'032208ANT*UR',9,2,5,45.33,'N',44.75,5,1),(11,'032208ANT*UR',15,1,3,NULL,'Y',NULL,NULL,NULL),(11,'032208ANT*UR',35,1,3,NULL,'N',82.75,4,2),(11,'032208ANT*UR',45,1,3,NULL,'N',73.47,4,2),(11,'032707JOH*CA',1,1,5,93.53,'N',96.9,3,3),(11,'032707JOH*CA',19,1,5,20.46,'N',21.88,2,4),(11,'032707JOH*CA',31,1,5,23.08,'N',23.39,2,4),(11,'032707JOH*CA',41,1,5,19.01,'N',20.21,3,3),(11,'032708KYR*MC',8,2,5,61.78,'N',61.32,8,0),(11,'032708KYR*MC',32,1,1,40.97,'N',38.82,6,0),(11,'040605ZACCHA',1,1,2,99.81,'N',99.4,4,2),(11,'040605ZACCHA',11,2,2,36.39,'N',36,2,4),(11,'040605ZACCHA',33,1,6,53.06,'N',54.52,4,2),(11,'040605ZACCHA',43,1,2,51.68,'N',51.34,3,3),(11,'040899JULMCA',14,1,2,87.25,'N',85.13,4,2),(11,'040899JULMCA',22,1,2,118.5,'N',115.03,4,2),(11,'040899JULMCA',48,1,6,51,'N',52.32,6,0),(11,'040909BRA*WO',18,1,5,36.65,'N',33.84,5,1),(11,'040909BRA*WO',30,1,3,39.97,'N',38.47,3,3),(11,'040909BRA*WO',40,1,3,36.05,'N',37.14,5,1),(11,'041509SID*SH',5,1,2,41.28,'N',38.46,10,0),(11,'041509SID*SH',29,1,2,NULL,'Y',NULL,NULL,NULL),(11,'041810DIM*RE',5,1,5,31.05,'N',29.03,6,0),(11,'041810DIM*RE',17,1,3,33.37,'N',35.77,3,3),(11,'041810DIM*RE',39,1,1,NULL,'Y',NULL,NULL,NULL),(11,'041810IOA*RE',5,1,3,30.81,'N',31.7,8,0),(11,'041810IOA*RE',17,1,5,36.01,'N',39.93,5,1),(11,'041810IOA*RE',29,1,3,NULL,'Y',NULL,NULL,NULL),(11,'042401MAY*WI',14,1,3,69.57,'N',72.5,1,6),(11,'042401MAY*WI',22,1,5,83.07,'N',86.39,2,4),(11,'042401MAY*WI',28,1,5,84.35,'N',86.52,3,3),(11,'042401MAY*WI',48,1,1,39.12,'N',41.16,4,2),(11,'043006CAI*KI',2,1,4,95.64,'N',94.39,1,6),(11,'043006CAI*KI',12,2,4,34.45,'N',35.88,1,6),(11,'043006CAI*KI',34,1,2,53.84,'N',54.25,5,1),(11,'043006CAI*KI',44,1,4,41.88,'N',42.7,2,4),(11,'051507SYD*DI',8,2,3,50.48,'N',57.94,7,0),(11,'051507SYD*DI',20,1,1,37.94,'N',37.91,5,1),(11,'051507SYD*DI',42,1,5,29.13,'Y',NULL,NULL,NULL),(11,'051606LOG*WA',11,2,1,46.44,'N',48.25,9,0),(11,'051606LOG*WA',33,1,5,59.14,'N',59.03,5,1),(11,'051606LOG*WA',43,1,5,65.51,'Y',NULL,NULL,NULL),(11,'051907EMM*ST',20,1,3,24.95,'N',25.19,2,4),(11,'051907EMM*ST',32,1,3,26.51,'N',24.78,2,4),(11,'051907EMM*ST',42,1,3,24.31,'N',23.9,4,2),(11,'052206ABIYSI',12,1,5,NULL,'N',66.69,8,0),(11,'052206ABIYSI',24,1,1,NULL,'N',79.71,6,0),(11,'052206ABIYSI',34,1,1,NULL,'Y',NULL,NULL,NULL),(11,'052401JUL*MA',22,1,3,77.65,'N',76.82,1,6),(11,'052401JUL*MA',28,1,3,78.01,'N',79.67,1,6),(11,'052401JUL*MA',38,1,3,86.16,'N',90.5,1,6),(11,'052401JUL*MA',48,1,5,37.51,'N',37.84,3,3),(11,'052599SAM*BR',13,1,4,63.71,'N',63.82,2,4),(11,'052599SAM*BR',21,1,4,81.19,'N',81,2,4),(11,'052599SAM*BR',47,1,4,29.97,'N',30.21,1,6),(11,'052808KYL*LI',7,2,2,53.59,'N',55.06,5,1),(11,'052808KYL*LI',31,1,2,30.06,'N',32.68,5,1),(11,'052808KYL*LI',41,1,6,30.27,'Y',NULL,NULL,NULL),(11,'053110ISA*ST',6,1,5,NULL,'N',50.84,12,0),(11,'060403LAUJSE',10,1,4,33.59,'N',34.64,2,4),(11,'060403LAUJSE',16,1,2,86.13,'N',89.13,3,3),(11,'060403LAUJSE',36,1,2,40.8,'N',41.44,2,4),(11,'060403LAUJSE',46,1,2,38.67,'N',39.4,2,4),(11,'060505GARQHE',11,2,6,36.78,'N',36.57,4,2),(11,'060505GARQHE',23,1,2,45.09,'N',45.93,2,4),(11,'060505GARQHE',33,1,4,47.4,'N',45.94,1,6),(11,'060606NAO*ES',8,2,4,42,'N',42.77,1,6),(11,'060606NAO*ES',32,1,4,24.84,'N',23.4,1,6),(11,'060606NAO*ES',42,1,4,21.89,'N',22.18,1,6),(11,'060707CHA*RO',8,1,3,77.9,'N',84.75,10,0),(11,'060707CHA*RO',20,1,5,33.78,'N',41.96,6,0),(11,'061504NEL*LE',11,2,3,37.75,'N',36.25,3,3),(11,'061504NEL*LE',23,1,5,49.39,'N',47.56,4,1.5),(11,'061504NEL*LE',43,1,3,49,'N',49.5,2,4),(11,'061805AVE*WA',2,1,1,NULL,'N',106.16,4,2),(11,'061805AVE*WA',12,2,3,38.46,'N',40.77,5,1),(11,'061805AVE*WA',24,1,3,47.37,'N',44.64,1,6),(11,'061805AVE*WA',34,1,3,51.25,'N',50.18,2,4),(11,'062007ANY*TO',8,2,6,44.94,'N',46.92,2,4),(11,'062007ANY*TO',20,1,2,25.41,'N',26.62,3,3),(11,'062007ANY*TO',42,1,6,25.76,'N',23.65,3,3),(11,'062808ALE*WA',6,2,3,24.91,'N',25.26,6,0),(11,'062808ALE*WA',18,1,3,30.79,'N',29.22,3,3),(11,'070106DAV*KA',1,1,3,87.33,'N',89.45,2,4),(11,'070106DAV*KA',19,1,3,19.15,'N',19.5,1,6),(11,'070106DAV*KA',31,1,3,21.25,'N',22.32,1,6),(11,'070106DAV*KA',41,1,3,17.67,'N',18.37,1,6),(11,'070207EMR*WR',7,1,4,64.67,'N',66.5,8,0),(11,'070207EMR*WR',19,1,6,31.19,'N',31.96,5,1),(11,'070207EMR*WR',31,1,6,37.14,'Y',NULL,NULL,NULL),(11,'070709TYL*BO',5,2,5,24.87,'N',22.78,3,3),(11,'070709TYL*BO',29,1,5,33.26,'N',34.32,1,6),(11,'070709TYL*BO',39,1,5,32.21,'N',32.28,2,4),(11,'071003MAD*KE',10,2,1,38.12,'N',38.7,6,0),(11,'071003MAD*KE',36,1,5,54.64,'N',51.08,5,1),(11,'071107ANI*MA',8,2,1,72.51,'N',71.34,9,0),(11,'071107ANI*MA',32,1,5,36.99,'N',33.68,5,1),(11,'071399BENJFE',13,1,6,81.97,'N',71.9,3,3),(11,'071399BENJFE',21,1,2,96.68,'N',87.05,3,3),(11,'071399BENJFE',27,1,4,98.89,'N',81.13,2,4),(11,'071399BENJFE',37,1,4,101.95,'N',89.88,2,4),(11,'071511ALE*BA',6,1,1,NULL,'N',38.41,11,0),(11,'071705ADR*UR',2,1,5,115.71,'N',109.76,5,1),(11,'071705ADR*UR',12,2,1,41.72,'N',40.59,4,2),(11,'071705ADR*UR',44,1,3,48.12,'N',44,3,3),(11,'080907OLISRE',8,1,2,49.64,'N',48.21,4,2),(11,'080907OLISRE',20,1,6,30.14,'N',30.07,4,2),(11,'081405THE*MA',1,1,1,108.78,'N',104.77,5,1),(11,'081405THE*MA',11,2,5,40.83,'N',41.93,6,0),(11,'081405THE*MA',23,1,3,49.09,'N',47.56,4,1.5),(11,'081405THE*MA',33,1,3,51.02,'N',53.34,3,3),(11,'090106EMIKTE',8,1,6,56.22,'N',52.64,5,1),(11,'090106EMIKTE',20,1,4,25.28,'N',24.52,1,6),(11,'090106EMIKTE',32,1,6,26.19,'N',26.9,3,3),(11,'090107BRYGRO',8,2,2,44.71,'N',47.78,3,3),(11,'090107BRYGRO',32,1,2,25.32,'N',27.07,4,2),(11,'090107BRYGRO',42,1,2,22.75,'N',22.81,2,4),(11,'090308CAT*BU',6,2,4,23.59,'N',23.26,2,4),(11,'090308CAT*BU',18,1,4,26.5,'N',27.14,1,6),(11,'090308CAT*BU',30,1,2,30.67,'N',31.89,2,4),(11,'090707JAC*FE',7,2,1,58.09,'N',58.95,7,0),(11,'090707JAC*FE',41,1,1,37.82,'N',31.53,5,1),(11,'090707JAC*WO',11,1,3,50.56,'N',44.4,8,0),(11,'090707JAC*WO',33,1,1,NULL,'N',71.63,6,0),(11,'091009SAM*RO',6,1,4,25.4,'N',24,4,2),(11,'091009SAM*RO',30,1,4,28.83,'N',29.08,1,6),(11,'091009SAM*RO',40,1,6,28.37,'N',27.83,3,3),(11,'092108ISA*TR',6,2,2,23.59,'N',22.34,1,6),(11,'092108ISA*TR',18,1,2,27.52,'N',28.62,2,4),(11,'092108ISA*TR',40,1,4,25.38,'N',24.72,1,6),(11,'092202ESH*LU',15,1,6,93.7,'N',97.45,3,3),(11,'092202ESH*LU',25,1,6,46.26,'N',50,3,3),(11,'092202ESH*LU',35,1,4,44.72,'N',46.95,2,4),(11,'100107KAI*GR',8,1,1,NULL,'N',54.19,6,0),(11,'100107KAI*GR',42,1,1,NULL,'N',36.28,5,1),(11,'100308ALA*GL',6,2,1,28.53,'N',24.65,5,1),(11,'100308ALA*GL',30,1,5,48.45,'Y',NULL,NULL,NULL),(11,'100308ALA*GL',40,1,1,NULL,'N',30.56,4,2),(11,'100404MEL*CO',2,1,3,114.45,'N',111.86,6,0),(11,'100404MEL*CO',12,1,3,43.87,'N',45.82,6,0),(11,'100404MEL*CO',34,1,5,51.7,'N',52.63,3,3),(11,'100404MEL*CO',44,1,5,51.66,'N',51.77,5,1),(11,'100906JOS*KE',7,2,3,43.81,'N',43.77,2,4),(11,'100906JOS*KE',31,1,1,25.65,'N',26.51,3,3),(11,'100909CHA*TE',5,2,6,29.79,'N',28.97,5,1),(11,'100909CHA*TE',17,1,2,37.35,'N',35.25,2,4),(11,'100909CHA*TE',39,1,2,41.4,'Y',NULL,NULL,NULL),(11,'101002MER*HE',10,2,2,37.5,'N',38.47,5,1),(11,'101002MER*HE',26,1,6,51.92,'N',51.72,5,1),(11,'101002MER*HE',36,1,6,50.9,'N',50.65,4,2),(11,'101508DYL*NO',5,2,3,21.21,'N',20.69,1,6),(11,'101508DYL*NO',29,1,1,41.62,'N',44.96,3,3),(11,'101508DYL*NO',39,1,3,32.13,'N',26.79,1,6),(11,'101810ALE*RE',6,1,2,30.19,'N',31.37,8,0),(11,'102208LOR*RI',5,2,2,29.17,'N',30.69,7,0),(11,'102208LOR*RI',17,1,4,36.99,'N',39.4,4,2),(11,'102208LOR*RI',39,1,6,41.86,'Y',NULL,NULL,NULL),(11,'103102ELL*ES',10,2,6,40.19,'N',38.7,6,0),(11,'103102ELL*ES',16,1,6,106.9,'N',99.84,6,0),(11,'103102ELL*ES',26,1,2,50.96,'N',50.81,4,2),(11,'103102ELL*ES',46,1,6,44.76,'N',42.96,3,3),(11,'110100MATSKE',13,1,2,74.5,'N',72.84,4,2),(11,'110100MATSKE',21,1,6,99.03,'N',98.5,4,2),(11,'110100MATSKE',47,1,2,37.58,'N',36.75,2,4),(11,'110108KYLJSI',5,1,1,NULL,'N',21.81,2,4),(11,'110108KYLJSI',17,1,1,NULL,'N',28.04,1,6),(11,'110309MAD*RO',18,1,1,46.18,'N',38.51,6,0),(11,'110402MIKBFE',9,2,4,30.58,'N',30.65,1,6),(11,'110402MIKBFE',15,1,4,80.52,'N',85.38,1,6),(11,'110402MIKBFE',25,1,4,36.14,'N',37.91,1,6),(11,'110402MIKBFE',45,1,4,34.14,'N',35.97,1,6),(11,'110508DEN*WR',5,2,4,27.56,'N',27,4,2),(11,'110508DEN*WR',17,1,6,38.15,'N',42.56,6,0),(11,'110508DEN*WR',39,1,4,37.15,'Y',NULL,NULL,NULL),(11,'110700CHL*OS',14,1,5,76.53,'N',78.94,3,3),(11,'110700CHL*OS',28,1,1,92.12,'N',87.44,4,2),(11,'110700CHL*OS',38,1,5,110.14,'N',111.62,3,3),(11,'110700CHL*OS',48,1,3,35.85,'N',35.03,1,6),(11,'110907ELE*MO',8,1,5,83.02,'N',88.13,11,0),(11,'111000JUSLWO',13,1,3,NULL,'N',63.75,1,6),(11,'111000JUSLWO',21,1,3,NULL,'N',80.34,1,6),(11,'111000JUSLWO',27,1,3,NULL,'N',76.65,1,6),(11,'111000JUSLWO',37,1,3,NULL,'N',81.21,1,6),(11,'111402EMM*BA',10,2,5,37.63,'N',37.59,4,2),(11,'111402EMM*BA',16,1,5,93.84,'N',93.19,4,2),(11,'111402EMM*BA',36,1,3,45.42,'N',45.31,3,3),(11,'111402EMM*BA',46,1,5,44.75,'N',43.4,4,2),(11,'112106DAVISE',1,1,6,110.7,'N',105.02,6,0),(11,'112106DAVISE',7,2,4,38.28,'N',40.69,1,6),(11,'112106DAVISE',19,1,2,24.06,'N',24.15,4,2),(11,'112106DAVISE',41,1,4,19.69,'N',20.06,2,4),(11,'120503NIC*SZ',16,1,4,76.32,'N',74.45,2,4),(11,'120503NIC*SZ',26,1,4,35.27,'N',34.51,1,6),(11,'120503NIC*SZ',36,1,4,39.39,'N',40.32,1,6),(11,'120503NIC*SZ',46,1,4,33.8,'N',34.53,1,6),(11,'120504SARANA',2,1,6,100.7,'N',99.23,3,3),(11,'120504SARANA',12,2,2,37.81,'N',38.62,2,4),(11,'120504SARANA',24,1,2,50.56,'N',50.51,3,3),(11,'120504SARANA',44,1,6,46.57,'N',42.23,1,6),(11,'120604JUN*DO',12,2,5,39.87,'N',39.69,3,3),(11,'120604JUN*DO',24,1,5,57.76,'N',57.33,4,2),(11,'120810PET*BU',5,1,4,37.47,'N',35.82,9,0),(11,'120810PET*BU',29,1,4,43.4,'N',41.5,2,4),(11,'121308MAY*DO',6,2,5,26.94,'N',33.03,10,0),(11,'121308MAY*DO',30,1,1,NULL,'N',42.96,4,2),(11,'121308MAY*DO',40,1,5,NULL,'Y',NULL,NULL,NULL),(11,'121603JUSRWA',9,2,1,34.31,'N',35.9,3,3),(11,'121603JUSRWA',25,1,2,42.93,'N',44.26,2,4),(11,'122204FEL*LE',11,1,2,42.7,'N',42.06,7,0),(11,'122204FEL*LE',33,1,2,52.94,'N',52.73,2,4),(11,'122204FEL*LE',43,1,6,55.96,'N',54.2,4,2),(11,'122705ELIAMA',12,2,6,47.96,'N',47.44,7,0),(11,'122705ELIAMA',24,1,6,69.26,'N',59.2,5,1),(11,'122705ELIAMA',34,1,6,55.81,'N',54.21,4,2),(11,'122706MICDSI',7,1,5,NULL,'N',50.32,4,2),(11,'122706MICDSI',19,1,1,NULL,'N',36.24,6,0),(12,'010303ALA*CH',9,1,3,28.67,'N',29.26,2,4),(12,'010303ALA*CH',15,1,3,71.33,'N',71.9,2,4),(12,'010303ALA*CH',35,1,3,36.65,'N',36.54,2,4),(12,'010303ALA*CH',45,1,3,32.52,'N',33.51,1,6),(12,'010699RAM*ZA',13,1,3,58.46,'N',58.97,1,6),(12,'010699RAM*ZA',21,1,3,71.2,'N',74.81,2,4),(12,'010699RAM*ZA',27,1,3,69.57,'N',71.02,1,6),(12,'010699RAM*ZA',47,1,3,29.16,'N',30.09,1,6),(12,'011009RACNHO',6,2,4,25.07,'N',25.74,4,2),(12,'011009RACNHO',18,1,4,26.5,'N',29.94,3,3),(12,'011009RACNHO',40,1,2,35.5,'Y',NULL,NULL,NULL),(12,'011106SOPLZE',2,1,1,103.15,'N',105.71,5,1),(12,'011106SOPLZE',12,1,3,40.7,'N',41.81,8,0),(12,'011106SOPLZE',24,1,5,NULL,'N',51.47,5,1),(12,'011106SOPLZE',44,1,1,56.7,'N',53.63,5,1),(12,'011304SOP*FL',10,1,2,44.2,'N',45.2,7,0),(12,'011304SOP*FL',26,1,6,NULL,'N',53.08,4,2),(12,'011607HAN*GH',8,1,1,51.77,'N',53.92,12,0),(12,'011607HAN*GH',32,1,1,30.49,'N',30.38,5,1),(12,'012305EMM*SO',12,1,5,42.47,'N',43.1,10,0),(12,'012305EMM*SO',34,1,1,52.87,'N',53.56,5,1),(12,'012603ELL*DE',10,2,4,32.84,'N',33.87,2,4),(12,'012603ELL*DE',16,1,4,84.45,'N',85.81,2,4),(12,'012603ELL*DE',26,1,4,39.56,'N',39.65,2,4),(12,'012603ELL*DE',46,1,4,37.87,'N',38.43,2,4),(12,'012709TIMJRI',5,2,2,21.85,'N',22.85,3,3),(12,'012709TIMJRI',17,1,4,26.71,'N',27.86,2,4),(12,'012709TIMJRI',39,1,4,31.33,'N',23.63,1,6),(12,'013001SAR*GR',14,1,5,75.56,'N',79.89,2,4),(12,'013001SAR*GR',38,1,4,100.5,'N',101.31,2,4),(12,'013001SAR*GR',48,1,4,38.03,'N',38.43,1,6),(12,'013108ABIGAJ',8,1,4,46.63,'N',46.32,6,0),(12,'013108ABIGAJ',20,1,6,24.01,'N',27.25,5,1),(12,'013108ABIGAJ',42,1,6,23.1,'N',22.12,3,3),(12,'020607SAMDFI',8,2,2,42.92,'N',44.68,4,2),(12,'020607SAMDFI',20,1,2,23.39,'N',24.45,2,4),(12,'020702ISA*FL',14,1,6,84.64,'N',87.73,6,0),(12,'020702ISA*FL',48,1,6,41.76,'N',40.62,2,4),(12,'021407CAMJWI',7,2,2,43.17,'N',42.41,4,2),(12,'021407CAMJWI',19,1,2,24.26,'N',23.13,2,4),(12,'021407CAMJWI',41,1,6,28.59,'N',25.68,4,2),(12,'021605ANN*SC',2,1,4,94.96,'N',96.65,2,4),(12,'021605ANN*SC',12,1,2,41.37,'N',41.96,9,0),(12,'021605ANN*SC',34,1,2,50.02,'N',51.22,3,3),(12,'021605ANN*SC',44,1,4,43.85,'N',44.33,1,6),(12,'021610GAVLWA',5,2,1,25.2,'N',24.47,6,0),(12,'021610GAVLWA',17,1,5,32.02,'N',32.78,3,3),(12,'021610GAVLWA',39,1,1,32.9,'N',34.72,3,3),(12,'022606DOM*FL',11,2,6,41.29,'N',47.31,6,0),(12,'022606DOM*FL',33,1,6,78.78,'N',69.9,4,2),(12,'022606DOM*FL',43,1,6,68.28,'N',63.97,5,1),(12,'030507AJA*GR',7,1,3,NULL,'N',71.31,9,0),(12,'030507AJA*GR',31,1,1,NULL,'Y',NULL,NULL,NULL),(12,'030907JONDRI',7,2,6,43.72,'N',42.02,3,3),(12,'030907JONDRI',19,1,6,26.94,'N',26.45,3,3),(12,'030907JONDRI',41,1,2,23.44,'N',25.26,3,3),(12,'031105RAC*WA',12,2,1,38.57,'N',38.53,4,2),(12,'031105RAC*WA',24,1,1,46.5,'N',49.1,4,2),(12,'031105RAC*WA',44,1,5,50.91,'N',50.35,3,3),(12,'031208DORCWA',10,2,1,57.62,'N',62.4,8,0),(12,'031208DORCWA',26,1,1,NULL,'N',84.52,6,0),(12,'031509VIRGMA',5,1,1,38.55,'N',33.57,11,0),(12,'031509VIRGMA',17,1,1,42.48,'N',38.41,6,0),(12,'032200EMI*FL',38,1,6,102.22,'N',100.81,1,6),(12,'032505YEN*TR',11,1,4,41.97,'N',43.66,5,1),(12,'032505YEN*TR',23,1,6,50.75,'N',54.86,4,2),(12,'032505YEN*TR',33,1,4,54.95,'N',57.25,2,4),(12,'032508STE*SH',8,1,5,50.02,'N',53.71,11,0),(12,'032508STE*SH',20,1,5,26.3,'N',27.71,6,0),(12,'040103ANG*NA',9,1,4,27.57,'N',28.5,1,6),(12,'040103ANG*NA',15,1,4,67.88,'N',69.09,1,6),(12,'040103ANG*NA',25,1,4,32.52,'N',33.84,1,6),(12,'040103ANG*NA',35,1,4,34.01,'N',34.83,1,6),(12,'040207HAN*DO',8,2,4,38.33,'N',39.31,1,6),(12,'040207HAN*DO',32,1,2,25.05,'N',25.71,3,3),(12,'040207HAN*DO',42,1,4,20.39,'N',21.07,2,4),(12,'040400KAT*AV',14,1,2,81.78,'N',81.18,5,1),(12,'040509EVAWWU',6,2,5,21.73,'N',23.06,2,4),(12,'040509EVAWWU',18,1,3,24.59,'N',24.51,1,6),(12,'040509EVAWWU',40,1,5,25.82,'N',26.27,2,4),(12,'040801BRI*DE',14,1,1,72,'N',77.2,1,6),(12,'040801BRI*DE',22,1,4,82.9,'N',87.9,1,6),(12,'040801BRI*DE',28,1,4,86.56,'N',87.31,1,6),(12,'041210ELLCCE',6,1,6,31.72,'N',32.9,10,0),(12,'041210ELLCCE',30,1,6,37.96,'N',39.38,4,2),(12,'041707ANNKSU',8,2,1,47.34,'N',47.06,8,0),(12,'041707ANNKSU',42,1,5,22.56,'N',22.5,4,2),(12,'041905CLA*VA',2,1,6,100.09,'N',100.87,3,3),(12,'041905CLA*VA',12,2,6,39.25,'N',39.18,5,1),(12,'041905CLA*VA',24,1,2,49.19,'N',47.43,2,4),(12,'041905CLA*VA',34,1,4,49,'N',48.78,2,4),(12,'041909SUR*ZH',6,1,3,31.06,'N',31.61,9,0),(12,'041909SUR*ZH',18,1,1,42.45,'N',40.99,5,1),(12,'041909SUR*ZH',30,1,5,45.84,'N',42.75,5,1),(12,'042302NIC*SA',13,1,4,64.43,'N',63.51,2,4),(12,'042302NIC*SA',21,1,4,71.6,'N',71.44,1,6),(12,'042302NIC*SA',27,1,4,73.67,'N',73.84,2,4),(12,'042302NIC*SA',47,1,4,33.45,'N',33.53,2,4),(12,'050903COL*BO',9,1,6,31.07,'N',32.44,5,1),(12,'050903COL*BO',25,1,2,39.06,'N',41.38,3,3),(12,'050903COL*BO',45,1,6,40.2,'N',38.37,4,2),(12,'051608CAT*YA',8,1,3,47.38,'N',51.03,10,0),(12,'051608CAT*YA',20,1,3,25.78,'N',26.47,4,2),(12,'051608CAT*YA',32,1,5,27.7,'N',30.72,6,0),(12,'051803RUN*CU',15,1,1,96.41,'N',95.22,6,0),(12,'051803RUN*CU',25,1,5,42.65,'N',42.53,5,1),(12,'051803RUN*CU',35,1,1,52.91,'N',54.42,6,0),(12,'051803RUN*CU',45,1,1,50.03,'N',47.62,6,0),(12,'052412HAN*HU',6,1,1,51.72,'N',53.3,12,0),(12,'052801IRE*NA',14,1,4,77.72,'N',80.9,4,2),(12,'052801IRE*NA',22,1,6,89.89,'N',93.96,2,4),(12,'052801IRE*NA',28,1,6,90.78,'N',94.84,2,4),(12,'052801IRE*NA',38,1,2,101.31,'N',107.84,3,3),(12,'060208NATRFL',6,2,2,25.21,'N',26.25,5,1),(12,'060208NATRFL',30,1,2,35,'N',33.67,3,3),(12,'060208NATRFL',40,1,4,31.6,'N',27.97,3,3),(12,'061306JUL*LI',8,2,5,45.39,'N',45.09,5,1),(12,'061306JUL*LI',20,1,1,27.33,'N',24.9,3,3),(12,'061306JUL*LI',42,1,1,25.54,'N',26.44,6,0),(12,'061405JOR*LY',2,1,2,99.65,'N',104.28,4,2),(12,'061405JOR*LY',12,2,4,36.81,'N',38.09,3,3),(12,'061405JOR*LY',24,1,6,50.5,'N',52.46,6,0),(12,'061405JOR*LY',34,1,6,50.45,'N',52.39,4,2),(12,'061405SIE*LY',12,1,6,41.64,'N',41.45,7,0),(12,'061405SIE*LY',44,1,2,48.13,'N',49.84,2,4),(12,'061806SAM*BA',8,1,2,48.75,'N',46.99,7,0),(12,'061806SAM*BA',32,1,6,27.94,'N',29.34,4,2),(12,'061806SAM*BA',42,1,2,22.84,'N',23.56,5,1),(12,'062406TIM*TO',7,2,4,38.32,'N',40.51,1,6),(12,'062406TIM*TO',19,1,4,22.26,'N',22.78,1,6),(12,'062406TIM*TO',41,1,4,18.16,'N',19.15,1,6),(12,'062606KEELGR',7,1,4,45.59,'N',45.21,5,1),(12,'062606KEELGR',31,1,4,26.56,'N',26.72,2,4),(12,'070908SYDLVA',6,2,6,25.25,'N',25.02,3,3),(12,'070908SYDLVA',18,1,6,34,'N',41.16,6,0),(12,'072211KATIRE',6,1,5,40.62,'N',39.69,11,0),(12,'072211KATIRE',18,1,5,40.42,'N',39.78,4,2),(12,'072409BENHRE',5,2,5,23.13,'N',23.52,4,2),(12,'072409BENHRE',29,1,5,34.09,'Y',NULL,NULL,NULL),(12,'072409BENHRE',39,1,5,32.44,'Y',NULL,NULL,NULL),(12,'072702AVA*ZH',10,2,3,32.5,'N',32.72,1,6),(12,'072702AVA*ZH',16,1,3,83.63,'N',84.82,1,6),(12,'072702AVA*ZH',26,1,3,37.55,'N',37.89,1,6),(12,'072702AVA*ZH',36,1,3,43.96,'N',45.6,1,6),(12,'080204OLIKFI',12,2,2,37.75,'N',37.76,2,4),(12,'080308AND*CH',6,2,3,20.61,'N',21.19,1,6),(12,'080308AND*CH',30,1,3,27.22,'N',26.89,1,6),(12,'080308AND*CH',40,1,3,24.09,'N',22.85,1,6),(12,'080508NOA*DE',5,2,4,21.76,'N',21.33,1,6),(12,'080508NOA*DE',17,1,2,32.08,'N',34.11,4,2),(12,'080508NOA*DE',29,1,4,34.19,'N',38.24,4,2),(12,'080806JAN*LE',8,2,6,43.78,'N',43.2,3,3),(12,'080806JAN*LE',20,1,4,23.12,'N',23.68,1,6),(12,'080806JAN*LE',32,1,4,24.51,'N',24.87,1,6),(12,'080808MIC*LI',6,2,1,31.06,'N',30.69,8,0),(12,'080808MIC*LI',30,1,1,46.85,'N',42.93,6,0),(12,'080808MIC*LI',40,1,1,50.72,'Y',NULL,NULL,NULL),(12,'081109JUSCJI',5,1,3,27.12,'N',26.63,7,0),(12,'081109JUSCJI',29,1,3,29.63,'N',29,1,6),(12,'082302RYA*CH',9,1,5,29.44,'N',29.7,3,3),(12,'082302RYA*CH',15,1,5,75.45,'N',78.81,3,3),(12,'082302RYA*CH',25,1,3,35.38,'N',37.41,2,4),(12,'082302RYA*CH',45,1,5,34.68,'N',36.84,3,3),(12,'082508AIDESO',5,1,5,28.81,'N',29.91,9,0),(12,'090508ERI*CH',5,2,3,23,'N',22.64,2,4),(12,'090508ERI*CH',17,1,3,26.72,'N',27.28,1,6),(12,'090508ERI*CH',39,1,3,28.38,'N',31.65,2,4),(12,'090800KAY*BO',14,1,3,71.47,'N',80.5,3,3),(12,'090800KAY*BO',22,1,2,88.15,'N',98.22,3,3),(12,'090800KAY*BO',28,1,2,86.82,'N',95.58,3,3),(12,'090800KAY*BO',48,1,2,39.33,'N',43.34,3,3),(12,'090902SAR*KE',10,2,2,33.44,'N',34.39,3,3),(12,'090902SAR*KE',16,1,6,94.26,'N',95.36,3,3),(12,'090902SAR*KE',36,1,4,46.97,'N',47.62,2,4),(12,'090902SAR*KE',46,1,2,38.32,'N',37.66,1,6),(12,'091303ELL*ST',10,1,4,37.95,'N',40.15,5,1),(12,'091303ELL*ST',36,1,6,53.97,'N',53.84,5,1),(12,'091303ELL*ST',46,1,6,47.28,'N',47.66,3,3),(12,'091603JEAMKI',10,2,5,41.46,'N',41.78,6,0),(12,'091603JEAMKI',16,1,5,116.29,'N',114.19,5,1),(12,'091603JEAMKI',36,1,5,53.85,'N',53.25,4,2),(12,'091603JEAMKI',46,1,5,56.46,'N',57.4,4,2),(12,'091604EVA*CH',1,1,3,83.87,'N',83.53,2,4),(12,'091604EVA*CH',11,2,3,32.75,'N',33.08,2,4),(12,'091604EVA*CH',33,1,3,42.29,'N',42.46,1,6),(12,'091604EVA*CH',43,1,3,38.75,'N',38.34,2,4),(12,'091707SOPMLI',8,2,3,40.21,'N',40.07,2,4),(12,'091707SOPMLI',32,1,3,24.34,'N',25.3,2,4),(12,'091707SOPMLI',42,1,3,19.84,'N',19.82,1,6),(12,'092309DEC*HU',5,1,4,27.87,'N',27.61,8,0),(12,'092309DEC*HU',17,1,6,48.15,'N',36.9,5,1),(12,'092309DEC*HU',29,1,2,35.13,'N',34.88,2,4),(12,'093009RYLJWI',6,1,2,28.66,'N',26.81,6,0),(12,'100405ZANAGH',11,2,1,62.54,'N',64.7,8,0),(12,'100405ZANAGH',23,1,5,83.27,'N',82.81,5,1),(12,'100405ZANAGH',33,1,5,NULL,'Y',NULL,NULL,NULL),(12,'101206BRADKH',7,1,6,48.95,'N',48.61,6,0),(12,'101206BRADKH',31,1,2,27.42,'N',27.18,3,3),(12,'101505JIRPKI',16,1,1,NULL,'N',116.06,6,0),(12,'101505JIRPKI',26,1,5,55.8,'N',58.01,5,1),(12,'101505JIRPKI',36,1,1,58.09,'N',57.92,6,0),(12,'101505JIRPKI',46,1,3,53.38,'N',57.62,5,1),(12,'101604MADRKH',12,1,4,41.21,'N',41.34,6,0),(12,'101604MADRKH',24,1,4,46.88,'N',48.31,3,3),(12,'101604MADRKH',44,1,6,49.5,'N',51.02,4,2),(12,'102003CAR*LE',10,2,6,34.75,'N',35.5,4,2),(12,'102003CAR*LE',16,1,2,92.44,'N',95.76,4,2),(12,'102003CAR*LE',26,1,2,42.68,'N',42.35,3,3),(12,'102003CAR*LE',36,1,2,49.53,'N',50.46,3,3),(12,'102308CHAZSC',5,2,6,24.02,'N',24.31,5,1),(12,'102308CHAZSC',29,1,6,38,'N',36.38,3,3),(12,'102308CHAZSC',39,1,2,35.25,'N',35.62,4,2),(12,'102404JAC*DE',1,1,2,97.34,'N',99.68,4,2),(12,'102404JAC*DE',11,2,2,37.51,'N',37.88,4,2),(12,'102404JAC*DE',23,1,2,45.83,'N',47.78,3,3),(12,'102404JAC*DE',43,1,2,47.01,'N',49.89,4,2),(12,'102799COL*DO',13,1,2,71.94,'N',73.42,3,3),(12,'102799COL*DO',27,1,2,83.89,'N',87.18,3,3),(12,'102799COL*DO',37,1,4,102.15,'N',110.34,2,4),(12,'102799COL*DO',47,1,2,35.77,'N',40.69,3,3),(12,'103002MAT*HO',9,1,1,36.46,'N',35.41,6,0),(12,'103002MAT*HO',25,1,1,47.34,'N',49.96,6,0),(12,'103002MAT*HO',35,1,5,42.53,'N',45.93,4,2),(12,'110305TIA*YA',2,1,5,NULL,'N',107.68,6,0),(12,'110305TIA*YA',12,1,1,43.31,'N',44.99,11,0),(12,'110305TIA*YA',34,1,5,NULL,'N',55.34,6,0),(12,'110305TIA*YA',44,1,3,50.47,'N',55.25,6,0),(12,'110308CLASKH',6,1,4,26.65,'N',26.81,6,0),(12,'110308CLASKH',18,1,2,31.22,'N',29.9,2,4),(12,'110308CLASKH',30,1,4,31.57,'N',27.25,2,4),(12,'110699COD*MO',13,1,6,75.62,'N',75.28,4,2),(12,'110699COD*MO',21,1,2,95.31,'N',96.38,3,3),(12,'110699COD*MO',27,1,6,87.67,'N',91.06,4,2),(12,'110699COD*MO',37,1,2,103.81,'N',107.14,1,6),(12,'111207KHA*TR',7,1,2,48.76,'N',50.46,7,0),(12,'111207KHA*TR',31,1,6,31.14,'N',30.14,4,2),(12,'111407ALEPBA',1,1,1,101.33,'N',109.89,5,1),(12,'111407ALEPBA',7,2,3,42.18,'N',41.97,2,4),(12,'111407ALEPBA',31,1,3,23.31,'N',23.65,1,6),(12,'111407ALEPBA',41,1,3,20.51,'N',20.73,2,4),(12,'111507ERI*SH',7,2,1,69.6,'N',75.43,10,0),(12,'111507ERI*SH',19,1,3,32.43,'N',38.51,5,1),(12,'111507ERI*SH',41,1,5,50.03,'Y',NULL,NULL,NULL),(12,'111706YASGMA',7,2,5,67.07,'N',67.19,8,0),(12,'111706YASGMA',19,1,5,33.15,'N',34.63,4,2),(12,'111706YASGMA',31,1,5,NULL,'N',30.56,5,1),(12,'112704SEA*DO',1,1,4,82.81,'N',82.26,1,6),(12,'112704SEA*DO',11,2,4,31.27,'N',32.58,1,6),(12,'112704SEA*DO',23,1,4,39.88,'N',39.18,2,4),(12,'112704SEA*DO',43,1,4,38.62,'N',37.47,1,6),(12,'121404AIDRGR',11,1,2,62.38,'N',58.38,7,0),(12,'121404AIDRGR',33,1,2,59.25,'N',63.81,3,3),(12,'121608LANIGR',5,1,2,34.75,'N',31.48,10,0),(12,'122003LUCMFA',15,1,6,85.78,'N',87.27,5,1),(12,'122003LUCMFA',25,1,6,40.63,'N',42.22,4,2),(12,'122003LUCMFA',35,1,6,46.33,'N',46.65,5,1),(12,'122003LUCMFA',45,1,2,38.65,'N',40.52,5,1),(12,'122007ZOIEGR',8,1,6,50.58,'N',48.42,9,0),(12,'122404SOP*ZH',2,1,3,81.07,'N',82.06,1,6),(12,'122404SOP*ZH',12,2,3,32.18,'N',31.9,1,6),(12,'122404SOP*ZH',24,1,3,36.44,'N',37.01,1,6),(12,'122404SOP*ZH',34,1,3,41.41,'N',41.7,1,6),(12,'123002BRO*DO',9,1,2,29.17,'N',30.96,4,2),(12,'123002BRO*DO',15,1,2,80.27,'N',84.44,4,2),(12,'123002BRO*DO',35,1,2,39.52,'N',39.74,3,3),(12,'123002BRO*DO',45,1,4,32.81,'N',34.78,2,4),(12,'123105YUA*CU',1,1,5,87.22,'N',88.14,3,3),(12,'123105YUA*CU',11,2,5,33.22,'N',34.5,3,3),(12,'123105YUA*CU',23,1,3,38.57,'N',37.44,1,6),(12,'123105YUA*CU',43,1,5,41.56,'N',41.5,3,3);
/*!40000 ALTER TABLE `individual_results` ENABLE KEYS */;
UNLOCK TABLES;

--
-- Table structure for table `meets`
--

DROP TABLE IF EXISTS `meets`;
/*!40101 SET @saved_cs_client     = @@character_set_client */;
/*!40101 SET character_set_client = utf8 */;
CREATE TABLE `meets` (
  `meet` int(11) NOT NULL,
  `team` varchar(6) NOT NULL,
  `start` varchar(8) NOT NULL,
  `end` varchar(8) NOT NULL,
  `opponent` varchar(6) NOT NULL,
  `score` float NOT NULL,
  `points` float NOT NULL,
  PRIMARY KEY (`meet`,`team`)
) ENGINE=InnoDB DEFAULT CHARSET=latin1;
/*!40101 SET character_set_client = @saved_cs_client */;

--
-- Dumping data for table `meets`
--

LOCK TABLES `meets` WRITE;
/*!40000 ALTER TABLE `meets` DISABLE KEYS */;
INSERT INTO `meets` VALUES (1,'PVFM','06172017','06172017','PVPLT',295,0),(1,'PVPLT','06172017','06172017','PVFM',474,6),(2,'PVFH','06172017','06172017','PVJC',399,6),(2,'PVJC','06172017','06172017','PVFH',362,0),(3,'PVLB','06172017','06172017','PVWLP',377,6),(3,'PVWLP','06172017','06172017','PVLB',345,0),(4,'PVLB','06242017','06242017','PVPLT',309,0),(4,'PVPLT','06242017','06242017','PVLB',469,6),(5,'PVJC','06242017','06242017','PVWLP',377,6),(5,'PVWLP','06242017','06242017','PVJC',360,0),(6,'PVFH','06242017','06242017','PVFM',413,6),(6,'PVFM','06242017','06242017','PVFH',356,0),(7,'PVJC','07012017','07012017','PVPLT',314.5,0),(7,'PVPLT','07012017','07012017','PVJC',458.5,6),(8,'PVFH','07012017','07012017','PVWLP',425,6),(8,'PVWLP','07012017','07012017','PVFH',316,0),(9,'PVFM','07012017','07012017','PVLB',377.5,0),(9,'PVLB','07012017','07012017','PVFM',391.5,6),(10,'PVFH','07082017','07082017','PVLB',393.5,6),(10,'PVLB','07082017','07082017','PVFH',373.5,0),(11,'PVFM','07082017','07082017','PVJC',454,6),(11,'PVJC','07082017','07082017','PVFM',295,0),(12,'PVPLT','07082017','07082017','PVWLP',475,6),(12,'PVWLP','07082017','07082017','PVPLT',282,0);
/*!40000 ALTER TABLE `meets` ENABLE KEYS */;
UNLOCK TABLES;

--
-- Table structure for table `rc_coaches`
--

DROP TABLE IF EXISTS `rc_coaches`;
/*!40101 SET @saved_cs_client     = @@character_set_client */;
/*!40101 SET character_set_client = utf8 */;
CREATE TABLE `rc_coaches` (
  `team` varchar(6) NOT NULL,
  `place1` int(11) NOT NULL,
  `place2` int(11) NOT NULL,
  `place3` int(11) NOT NULL,
  `place4` int(11) NOT NULL,
  PRIMARY KEY (`team`)
) ENGINE=InnoDB DEFAULT CHARSET=latin1;
/*!40101 SET character_set_client = @saved_cs_client */;

--
-- Dumping data for table `rc_coaches`
--

LOCK TABLES `rc_coaches` WRITE;
/*!40000 ALTER TABLE `rc_coaches` DISABLE KEYS */;
/*!40000 ALTER TABLE `rc_coaches` ENABLE KEYS */;
UNLOCK TABLES;

--
-- Table structure for table `relay_carnival`
--

DROP TABLE IF EXISTS `relay_carnival`;
/*!40101 SET @saved_cs_client     = @@character_set_client */;
/*!40101 SET character_set_client = utf8 */;
CREATE TABLE `relay_carnival` (
  `team` varchar(6) NOT NULL,
  `start` varchar(8) NOT NULL,
  `end` varchar(8) NOT NULL,
  `score` float NOT NULL,
  `points` float NOT NULL
) ENGINE=InnoDB DEFAULT CHARSET=latin1;
/*!40101 SET character_set_client = @saved_cs_client */;

--
-- Dumping data for table `relay_carnival`
--

LOCK TABLES `relay_carnival` WRITE;
/*!40000 ALTER TABLE `relay_carnival` DISABLE KEYS */;
INSERT INTO `relay_carnival` VALUES ('PVPLT','07092017','07092017',210,10),('PVFH','07092017','07092017',170,8),('PVFM','07092017','07092017',166,6),('PVLB','07092017','07092017',138,4),('PVWLP','07092017','07092017',110,2),('PVJC','07092017','07092017',92,0);
/*!40000 ALTER TABLE `relay_carnival` ENABLE KEYS */;
UNLOCK TABLES;

--
-- Table structure for table `relay_results`
--

DROP TABLE IF EXISTS `relay_results`;
/*!40101 SET @saved_cs_client     = @@character_set_client */;
/*!40101 SET character_set_client = utf8 */;
CREATE TABLE `relay_results` (
  `meet` int(11) NOT NULL,
  `team` varchar(6) NOT NULL,
  `event` int(11) NOT NULL,
  `relay_team` char(1) NOT NULL,
  `swimmer1` varchar(12) DEFAULT NULL,
  `swimmer2` varchar(12) DEFAULT NULL,
  `swimmer3` varchar(12) DEFAULT NULL,
  `swimmer4` varchar(12) DEFAULT NULL,
  `heat` int(11) NOT NULL,
  `lane` int(11) NOT NULL,
  `total_age` int(11) DEFAULT NULL,
  `seed` float DEFAULT NULL,
  `DQ` enum('Y','N') NOT NULL,
  `time` float DEFAULT NULL,
  `place` int(11) DEFAULT NULL,
  `points` float DEFAULT NULL,
  PRIMARY KEY (`meet`,`team`,`event`,`relay_team`)
) ENGINE=InnoDB DEFAULT CHARSET=latin1;
/*!40101 SET character_set_client = @saved_cs_client */;

--
-- Dumping data for table `relay_results`
--

LOCK TABLES `relay_results` WRITE;
/*!40000 ALTER TABLE `relay_results` DISABLE KEYS */;
INSERT INTO `relay_results` VALUES (1,'PVFM',3,'A','031299WILTQU','060505GARQHE','052599SAM*BR','021304JAK*ES',1,3,60,NULL,'N',146.12,2,4),(1,'PVFM',4,'A','102400GRACHE','101000LEXGZI','012802LERAWA','030999MERLMU',1,3,65,NULL,'N',167.34,2,4),(1,'PVFM',4,'B','022203ANYRBI','101002MER*HE','103102ELL*ES','010406TRIABO',1,5,53,NULL,'N',185.97,3,2),(1,'PVFM',49,'A','112106DAVISE','012705TYLJCO','110402MIKBFE','110508DEN*WR',1,3,44,NULL,'N',132.48,2,4),(1,'PVFM',49,'B','052808KYL*LI','060505GARQHE','011905JOSPGR','021410THO*SZ',1,5,39,NULL,'N',169,4,0),(1,'PVFM',50,'A','062007ANY*TO','120504SARANA','120503NIC*SZ','090308CAT*BU',1,3,42,NULL,'N',140.2,2,4),(1,'PVFM',50,'B','090107BRYGRO','022805RACCRE','060403LAUJSE','092108ISA*TR',1,5,42,NULL,'N',145.98,3,2),(1,'PVPLT',3,'A','042302NIC*SA','110699COD*MO','050903COL*BO','102799COL*DO',1,4,63,173.64,'N',146.07,1,8),(1,'PVPLT',3,'B','122003LUCMFA','032505YEN*TR','050603MAT*TO','092702NIC*VA',1,2,53,NULL,'N',174.95,3,2),(1,'PVPLT',4,'A','040801BRI*DE','052801IRE*NA','090800KAY*BO','013001SAR*GR',1,4,64,174.95,'N',158.09,1,8),(1,'PVPLT',49,'A','120206AND*KL','112704SEA*DO','040103ANG*NA','012709TIMJRI',1,4,44,NULL,'N',120.38,1,8),(1,'PVPLT',49,'B','062406TIM*TO','102404JAC*DE','123002BRO*DO','102308CHAZSC',1,2,44,NULL,'N',137.38,3,2),(1,'PVPLT',50,'A','040207HAN*DO','061405JOR*LY','012603ELL*DE','032110CARAKL',1,4,42,NULL,'N',138,1,8),(1,'PVPLT',50,'B','080806JAN*LE','080204OLIKFI','090902SAR*KE','110308CLASKH',1,2,44,NULL,'N',147.37,4,0),(2,'PVFH',3,'A','013100JUA*RA','052101ZEEMAN','030901JACMGE','112100AKH*GU',1,4,65,NULL,'N',138.18,2,4),(2,'PVFH',3,'B','102802CHRMFE','010303ARR*MA','112900RICACA','110503SHA*PA',1,2,57,NULL,'N',162.01,3,2),(2,'PVFH',4,'A','092798SAYHVA','031900ANNIMA','073005LEE*CH','082904BELVGE',1,4,58,NULL,'N',159.85,2,4),(2,'PVFH',4,'B','032601CARMKI','010303CAMMPA','063005OCETBA','012503HRI*TA',1,2,55,NULL,'N',187.19,3,2),(2,'PVFH',49,'A','091106DIEFRA','083105JOSELO','110802BRIAHE','091008MAN*TA',1,4,43,NULL,'N',124.94,1,8),(2,'PVFH',49,'B','012308ALE*CH','101504MARCPA','062003IVADSO','072209PET*ZH',1,2,41,NULL,'N',145.87,3,2),(2,'PVFH',50,'A','081806EMAPJA','060204ABI*BE','061602NICABA','102208LILTJA',1,4,44,NULL,'N',140.13,1,8),(2,'PVFH',50,'B','121406JASSCA','062005AURRCH','121602MAA*GU','051509JOCNCA',1,2,43,NULL,'N',157.3,3,2),(2,'PVJC',3,'A','022100LOG*CO','111000JUSLWO','102298AND*DU','031801MAR*WE',1,3,67,NULL,'N',126.38,1,8),(2,'PVJC',3,'B','042705GEO*OH','051606LOG*WA','061504NEL*LE','032208ANT*UR',1,5,45,NULL,'N',226.21,4,0),(2,'PVJC',4,'A','053100CAR*DU','052401JUL*MA','110700CHL*OS','042401MAY*WI',1,3,65,NULL,'N',149,1,8),(2,'PVJC',4,'B','071003MAD*KE','111402EMM*BA','073102BRE*HO','030601GRA*CA',1,5,57,NULL,'Y',NULL,NULL,NULL),(2,'PVJC',49,'A','032707JOH*CA','101204ETH*FU','070106DAV*KA','101508DYL*NO',1,3,40,NULL,'N',128.03,2,4),(2,'PVJC',49,'B','052908CRI*GA','081405THE*MA','061504NEL*LE','070709TYL*BO',1,5,40,NULL,'N',161.21,4,0),(2,'PVJC',50,'A','051907EMM*ST','071705ADR*UR','012203ALLKWO','062808ALE*WA',1,3,43,NULL,'N',147.18,2,4),(2,'PVJC',50,'B','081207JAYEKN','101204ELI*FU','021403AME*CA','100308ALA*GL',1,5,43,NULL,'N',162.03,4,0),(3,'PVLB',3,'A','082500CONPMA','020802MATRBR','120599EVECBL','080201MAX*CO',1,4,63,NULL,'N',142.68,2,4),(3,'PVLB',4,'A','092401SKYCBL','070899ILCPHE','052403REDAMI','072100GABRAN',1,4,62,NULL,'Y',NULL,NULL,NULL),(3,'PVLB',49,'A','010407DIE*MA','051805KALABR','102202ETHDPH','051310LOR*FL',1,4,43,NULL,'N',150,2,4),(3,'PVLB',49,'B','073007MILJHI','110805JOSDSP','021103PARTRO','081810FER*MO',1,2,40,NULL,'N',167.18,3,2),(3,'PVLB',50,'A','081906AMYTSA','061205XUNYLO','030803ELLGSE','042310ALIRRE',1,4,42,NULL,'N',144.33,2,4),(3,'PVLB',50,'B','101807LINLYO','080105SHO*LE','031903LOR*MU','121208LAU*TU',1,2,42,NULL,'N',157.34,3,2),(3,'PVWLP',3,'A','123105YUA*CU','082302RYA*CH','010699RAM*ZA','051803RUN*CU',1,3,57,142.81,'N',141.1,1,8),(3,'PVWLP',4,'A','110305TIA*YA','111999SHE*BH','011899ASH*RA','031105RAC*WA',1,3,58,179.03,'N',177.31,1,8),(3,'PVWLP',4,'B','101505JIRPKI','072205MEG*GU','072205ANN*GU','031208DORCWA',1,5,42,204.4,'Y',NULL,NULL,NULL),(3,'PVWLP',49,'A','111407ALEPBA','091604EVA*CH','010303ALA*CH','090508ERI*CH',1,3,43,NULL,'N',131.56,1,8),(3,'PVWLP',50,'A','051608CAT*YA','122404SOP*ZH','072702AVA*ZH','040509EVAWWU',1,3,43,NULL,'N',133.59,1,8),(3,'PVWLP',50,'B','032508STE*SH','081004VANKGA','091603JEAMKI','041909SUR*ZH',1,5,42,NULL,'N',193.96,4,0),(4,'PVLB',3,'A','082500CONPMA','020802MATRBR','120599EVECBL','042104NIC*BA',1,4,61,142.68,'N',140.94,1,8),(4,'PVLB',3,'B','071804ARI*JO','120305FRASSO','102902EDSEOR','080201MAX*CO',1,2,52,NULL,'N',182.38,3,2),(4,'PVLB',4,'A','092401SKYCBL','070899ILCPHE','072100GABRAN','011700TRAASA',1,4,65,NULL,'N',152.65,2,4),(4,'PVLB',4,'B','011308TEAEFE','050107SOFASA','031903LOR*MU','111905LORLSO',1,2,44,NULL,'N',219.15,3,2),(4,'PVLB',49,'A','010907GAB*JO','071804ARI*JO','102202ETHDPH','080609AAR*OR',1,4,43,150,'N',147.82,3,2),(4,'PVLB',49,'B','010407DIE*MA','051805KALABR','021103PARTRO','051310LOR*FL',1,2,43,NULL,'N',151.4,4,0),(4,'PVLB',50,'A','081906AMYTSA','061205XUNYLO','030803ELLGSE','042310ALIRRE',1,4,42,144.33,'Y',NULL,NULL,NULL),(4,'PVLB',50,'B',NULL,NULL,NULL,NULL,1,2,0,NULL,'N',149.7,3,2),(4,'PVPLT',3,'A','042302NIC*SA','122003LUCMFA','102799COL*DO','110699COD*MO',1,3,62,161.67,'N',145.83,2,4),(4,'PVPLT',4,'A','120600JUL*TO','032200EMI*FL','013001SAR*GR','040801BRI*DE',1,3,65,NULL,'N',150.96,1,8),(4,'PVPLT',49,'A','062406TIM*TO','112704SEA*DO','040103ANG*NA','080508NOA*DE',1,3,44,NULL,'N',125.09,1,8),(4,'PVPLT',49,'B','030907JONDRI','102404JAC*DE','050903COL*BO','012709TIMJRI',1,5,44,NULL,'N',139.88,2,4),(4,'PVPLT',50,'A','040207HAN*DO','061405JOR*LY','012603ELL*DE','032110CARAKL',1,3,42,NULL,'N',138.37,1,8),(4,'PVPLT',50,'B',NULL,NULL,NULL,NULL,1,5,0,NULL,'N',145.38,2,4),(5,'PVJC',3,'A','022100LOG*CO','111000JUSLWO','102298AND*DU','031801MAR*WE',1,3,67,126.38,'N',125.83,1,8),(5,'PVJC',4,'A','053100CAR*DU','052401JUL*MA','012203ALLKWO','042401MAY*WI',1,3,63,NULL,'N',143.77,1,8),(5,'PVJC',4,'B','073102BRE*HO','061805AVE*WA','071003MAD*KE','030601GRA*CA',1,5,54,NULL,'N',178.94,2,4),(5,'PVJC',49,'A','032707JOH*CA','061504NEL*LE','070106DAV*KA','101508DYL*NO',1,3,41,NULL,'N',133.63,2,4),(5,'PVJC',49,'B','052908CRI*GA','081405THE*MA','032208ANT*UR','092109SEB*GA',1,5,36,NULL,'N',168.37,3,2),(5,'PVJC',50,'A','051907EMM*ST','071705ADR*UR','021403AME*CA','091008MAL*DU',1,3,43,NULL,'N',155.74,2,4),(5,'PVJC',50,'B','100107KAI*GR','052905AMA*MI','111402EMM*BA','040909BRA*WO',1,5,43,NULL,'N',170.18,3,2),(5,'PVWLP',3,'A',NULL,NULL,NULL,NULL,1,4,0,NULL,'N',144.4,2,4),(5,'PVWLP',4,'A','091603JEAMKI','111999SHE*BH','011899ASH*RA','021106JOY*JI',1,4,59,NULL,'N',179.5,3,2),(5,'PVWLP',4,'B','012005STAKSU','101505JIRPKI','021605BEL*BA','031105RAC*WA',1,2,47,NULL,'N',191.88,4,0),(5,'PVWLP',49,'A','111407ALEPBA','091604EVA*CH','010303ALA*CH','090508ERI*CH',1,4,43,NULL,'N',126.9,1,8),(5,'PVWLP',50,'A','091707SOPMLI','122404SOP*ZH','072702AVA*ZH','080308AND*CH',1,4,43,NULL,'N',128.45,1,8),(6,'PVFH',3,'A','013100JUA*RA','102802CHRMFE','030901JACMGE','110802BRIAHE',1,3,61,138.18,'N',140.88,1,8),(6,'PVFH',3,'B','112700NATWES','112100AKH*GU','052101ZEEMAN','112900RICACA',1,5,64,NULL,'Y',NULL,NULL,NULL),(6,'PVFH',4,'A','092798SAYHVA','031900ANNIMA','073005LEE*CH','060204ABI*BE',1,3,58,159.85,'N',152.76,1,8),(6,'PVFH',4,'B','080703MARECA','121602MAA*GU','082904BELVGE','042106LANJHE',1,5,50,NULL,'N',168.75,3,2),(6,'PVFH',49,'A','091106DIEFRA','083105JOSELO','110802ALE*BR','091008MAN*TA',1,3,43,124.94,'N',130.01,1,8),(6,'PVFH',49,'B','012308ALE*CH','101504MARCPA','062003IVADSO','072209PET*ZH',1,5,41,NULL,'N',144.81,3,2),(6,'PVFH',50,'A','081806EMAPJA','062005AURRCH','061602NICABA','102208LILTJA',1,3,43,140.13,'N',140.76,2,4),(6,'PVFH',50,'B','012503HRI*TA','063005OCETBA','022607ALIAJO','110410ALERBA',1,5,41,NULL,'N',168.94,4,0),(6,'PVFM',3,'A','031299WILTQU','122204FEL*LE','052599SAM*BR','011905RIE*WA',1,4,60,146.12,'N',156.81,2,4),(6,'PVFM',4,'A','102400GRACHE','100199RAGLFE','030999MERLMU','040899JULMCA',1,4,69,167.34,'N',164.09,2,4),(6,'PVFM',49,'A','022608MAS*GA','012705TYLJCO','110402MIKBFE','110508DEN*WR',1,4,43,132.48,'N',133.4,2,4),(6,'PVFM',49,'B','112106DAVISE','060505GARQHE','092202ESH*LU','021410THO*SZ',1,2,42,NULL,'N',150.1,4,0),(6,'PVFM',50,'A','062007ANY*TO','022805RACCRE','120503NIC*SZ','090308CAT*BU',1,4,42,140.2,'N',139.74,1,8),(6,'PVFM',50,'B','090107BRYGRO','122705ELIAMA','060403LAUJSE','092108ISA*TR',1,2,41,NULL,'N',157.3,3,2),(7,'PVJC',3,'A','022100LOG*CO','111000JUSLWO','102298AND*DU','031801MAR*WE',1,3,67,NULL,'N',129.45,1,8),(7,'PVJC',4,'A','053100CAR*DU','052401JUL*MA','110700CHL*OS','042401MAY*WI',1,3,65,NULL,'N',145.93,1,8),(7,'PVJC',4,'B','030601GRA*CA','071003MAD*KE','021403AME*CA','073102BRE*HO',1,5,57,NULL,'N',179.4,4,0),(7,'PVJC',49,'A','101508DYL*NO','032707JOH*CA','101204ETH*FU','070106DAV*KA',1,3,40,NULL,'N',133.14,2,4),(7,'PVJC',49,'B','052908CRI*GA','061504NEL*LE','110702BRA*NO','070709TYL*BO',1,5,42,NULL,'N',150.5,4,0),(7,'PVJC',50,'A','051907EMM*ST','101204ELI*FU','012203ALLKWO','121308MAY*DO',1,3,44,NULL,'N',147.46,3,2),(7,'PVJC',50,'B','081207JAYEKN','120604JUN*DO','111402EMM*BA','040909BRA*WO',1,5,43,NULL,'N',167.59,4,0),(7,'PVPLT',3,'A','042302NIC*SA','122003LUCMFA','123002BRO*DO','102799COL*DO',1,4,59,151.6,'N',139.72,2,4),(7,'PVPLT',3,'B','050903COL*BO','050603MAT*TO','110699COD*MO','072003JOS*NE',1,2,58,175.16,'N',164.06,3,2),(7,'PVPLT',4,'A','120600JUL*TO','052801IRE*NA','090800KAY*BO','040801BRI*DE',1,4,64,167.3,'N',153.72,2,4),(7,'PVPLT',4,'B','102003CAR*LE','040400KAT*AV','020702ISA*FL','032200EMI*FL',1,2,62,181.41,'N',166.69,3,2),(7,'PVPLT',49,'A','120206AND*KL','112704SEA*DO','040103ANG*NA','080508NOA*DE',1,4,44,NULL,'N',119.91,1,8),(7,'PVPLT',49,'B','062406TIM*TO','102404JAC*DE','123002BRO*DO','012709TIMJRI',1,2,44,NULL,'N',133.62,3,2),(7,'PVPLT',50,'A','040207HAN*DO','080204OLIKFI','012603ELL*DE','011009RACNHO',1,4,44,NULL,'N',136.16,1,8),(7,'PVPLT',50,'B','020607SAMDFI','071905PAILSM','090902SAR*KE','070908SYDLVA',1,2,43,NULL,'N',143.9,2,4),(8,'PVFH',3,'A','013100JUA*RA','102802CHRMFE','030901JACMGE','110802BRIAHE',1,4,61,138.18,'N',150.09,1,8),(8,'PVFH',3,'B','112700NATWES','112100AKH*GU','052101ZEEMAN','042303JUSJGO',1,2,62,NULL,'N',160.45,2,4),(8,'PVFH',4,'A','092798SAYHVA','031900ANNIMA','073005LEE*CH','060204ABI*BE',1,4,58,152.76,'N',153.55,1,8),(8,'PVFH',4,'B','080703MARECA','121602MAA*GU','062005AURRCH','042106LANJHE',1,2,49,NULL,'Y',NULL,NULL,NULL),(8,'PVFH',49,'A','091106DIEFRA','083105JOSELO','062003IVADSO','091008MAN*TA',1,4,42,124.94,'N',127.63,1,8),(8,'PVFH',49,'B','012308ALE*CH','101504MARCPA','020503SUB*SU','072209PET*ZH',1,2,42,NULL,'N',145.21,3,2),(8,'PVFH',50,'A','081806EMAPJA','082904BELVGE','061602NICABA','102208LILTJA',1,4,44,140.13,'N',140.83,2,4),(8,'PVFH',50,'B','121406JASSCA','063005OCETBA','090503ALARGE','110410ALERBA',1,2,40,NULL,'N',167.48,3,2),(8,'PVWLP',4,'A','081004VANKGA','012005STAKSU','021605BEL*BA','031208DORCWA',1,3,45,152.09,'N',240.73,3,2),(8,'PVWLP',4,'B','032508STE*SH','031105RAC*WA','021106JOY*JI','061306JUL*LI',1,5,42,NULL,'N',218.67,2,4),(8,'PVWLP',49,'A','111407ALEPBA','091604EVA*CH','010303ALA*CH','090508ERI*CH',1,3,43,116.58,'N',127.93,2,4),(8,'PVWLP',49,'B','030507AJA*GR','020306MAT*SH','082302RYA*CH','072409BENHRE',1,5,42,NULL,'N',180.42,4,0),(8,'PVWLP',50,'A','091707SOPMLI','122404SOP*ZH','072702AVA*ZH','040509EVAWWU',1,3,43,152.09,'N',129.96,1,8),(9,'PVFM',3,'A','031299WILTQU','021304JAK*ES','052599SAM*BR','110100MATSKE',1,3,65,146.12,'N',136.14,1,8),(9,'PVFM',4,'A','030999MERLMU','101000LEXGZI','102400GRACHE','031201RAEMCA',1,3,66,164.09,'N',159.2,2,4),(9,'PVFM',4,'B','103102ELL*ES','100199RAGLFE','012802LERAWA','040899JULMCA',1,5,64,NULL,'N',179.75,3,2),(9,'PVFM',49,'A','022608MAS*GA','040605ZACCHA','020104RYA*KI','100909CHA*TE',1,3,41,132.48,'N',142.56,1,8),(9,'PVFM',49,'B','112106DAVISE','012805MARMGA','121603JUSRWA','021410THO*SZ',1,5,42,NULL,'N',143.22,2,4),(9,'PVFM',50,'A','060606NAO*ES','043006CAI*KI','120503NIC*SZ','050211SOF*TR',1,3,40,139.74,'N',128.96,1,8),(9,'PVFM',50,'B','090107BRYGRO','022805RACCRE','060403LAUJSE','090308CAT*BU',1,5,42,NULL,'N',140.83,3,2),(9,'PVLB',3,'A','082500CONPMA','020802MATRBR','120599EVECBL','042104NIC*BA',1,4,61,140.94,'Y',NULL,NULL,NULL),(9,'PVLB',3,'B','100603MIL*SA','090105MIK*SE','122002EUGEAY','102902EDSEOR',1,2,52,NULL,'N',171.88,2,4),(9,'PVLB',4,'A','092401SKYCBL','070899ILCPHE','011700TRAASA','072100GABRAN',1,4,65,152.65,'N',156.09,1,8),(9,'PVLB',4,'B','123102PEYEMA','110703OON*GI','052405MEL*KA','010402HELSAS',1,2,54,NULL,'N',196.08,4,0),(9,'PVLB',49,'A','010907GAB*JO','071804ARI*JO','102202ETHDPH','122008TAYJOL',1,4,44,147.82,'N',145.43,4,0),(9,'PVLB',49,'B','010407DIE*MA','051805KALABR','021103PARTRO','080609AAR*OR',1,2,43,NULL,'N',144.96,3,2),(9,'PVLB',50,'A','081906AMYTSA','061205XUNYLO','030803ELLGSE','070308JAE*FA',1,4,43,144.33,'N',130.34,2,4),(9,'PVLB',50,'B','101807LINLYO','080105SHO*LE','052403REDAMI','091709GEN*CH',1,2,41,NULL,'N',149.94,4,0),(10,'PVFH',3,'A','013100JUA*RA','010303ARR*MA','110802BRIAHE','102802CHRMFE',1,3,59,138.18,'N',144.02,2,4),(10,'PVFH',3,'B','112700NATWES','112100AKH*GU','052101ZEEMAN','112900RICACA',1,5,64,NULL,'N',153.34,3,2),(10,'PVFH',4,'A','092798SAYHVA','031900ANNIMA','073005LEE*CH','060204ABI*BE',1,3,58,152.76,'N',151.33,1,8),(10,'PVFH',4,'B','062005AURRCH','121602MAA*GU','010303CAMMPA','042106LANJHE',1,5,50,NULL,'N',177.09,3,2),(10,'PVFH',49,'A','091106DIEFRA','083105JOSELO','062003IVADSO','091008MAN*TA',1,3,42,124.94,'N',125.31,1,8),(10,'PVFH',49,'B','011207AXEFBA','101504MARCPA','042303JUSJGO','072209PET*ZH',1,5,43,NULL,'N',138.36,3,2),(10,'PVFH',50,'A','081806EMAPJA','063005OCETBA','061602NICABA','102208LILTJA',1,3,43,140.13,'N',140.53,2,4),(10,'PVFH',50,'B','121406JASSCA','120104KRI*SU','012503HRI*TA','051509JOCNCA',1,5,44,NULL,'N',159.76,4,0),(10,'PVLB',3,'A','082500CONPMA','020802MATRBR','120599EVECBL','102202ETHDPH',1,4,62,140.94,'N',138.45,1,8),(10,'PVLB',3,'B','122002EUGEAY','090105MIK*SE','102902EDSEOR','080201MAX*CO',1,2,54,NULL,'N',168.82,4,0),(10,'PVLB',4,'A','092401SKYCBL','070899ILCPHE','072100GABRAN','011700TRAASA',1,4,65,152.65,'N',151.59,2,4),(10,'PVLB',4,'B','123102PEYEMA','110703OON*GI','031903LOR*MU','010402HELSAS',1,2,56,NULL,'N',194.54,4,0),(10,'PVLB',49,'A','010907GAB*JO','071804ARI*JO','021103PARTRO','081810FER*MO',1,4,42,144.96,'N',137.47,2,4),(10,'PVLB',49,'B','010407DIE*MA','110805JOSDSP','102902EDSEOR','122008TAYJOL',1,2,43,NULL,'N',157.62,4,0),(10,'PVLB',50,'A','081906AMYTSA','061205XUNYLO','052403REDAMI','121208LAU*TU',1,4,43,130.34,'N',140.22,1,8),(10,'PVLB',50,'B','101807LINLYO','080105SHO*LE','030803ELLGSE','070308JAE*FA',1,2,42,NULL,'N',146.69,3,2),(11,'PVFM',3,'A','071399BENJFE','092202ESH*LU','052599SAM*BR','110100MATSKE',1,4,65,136.14,'N',149.47,1,8),(11,'PVFM',4,'A','030999MERLMU','103102ELL*ES','012802LERAWA','040899JULMCA',1,4,65,159.2,'N',168.77,2,4),(11,'PVFM',49,'A','112106DAVISE','012705TYLJCO','110402MIKBFE','110508DEN*WR',1,4,44,132.48,'N',129.62,1,8),(11,'PVFM',49,'B','022608MAS*GA','040605ZACCHA','021304JAK*ES','100909CHA*TE',1,2,41,NULL,'N',141.62,3,2),(11,'PVFM',50,'A','060606NAO*ES','043006CAI*KI','120503NIC*SZ','092108ISA*TR',1,4,42,128.96,'N',131.62,1,8),(11,'PVFM',50,'B','062007ANY*TO','120504SARANA','060403LAUJSE','090308CAT*BU',1,2,42,NULL,'N',140.15,2,4),(11,'PVJC',3,'A','051606LOG*WA','100906JOS*KE','111000JUSLWO','090707JAC*FE',1,3,46,NULL,'N',208.25,2,4),(11,'PVJC',4,'A','012203ALLKWO','052401JUL*MA','042401MAY*WI','110700CHL*OS',1,3,62,NULL,'N',147.89,1,8),(11,'PVJC',4,'B','071003MAD*KE','120604JUN*DO','071705ADR*UR','051507SYD*DI',1,5,46,NULL,'N',200.63,3,2),(11,'PVJC',49,'A','032707JOH*CA','081405THE*MA','022504DANYSI','070709TYL*BO',1,3,41,NULL,'N',165.95,4,0),(11,'PVJC',49,'B','070106DAV*KA','061504NEL*LE','032208ANT*UR','101508DYL*NO',1,5,39,NULL,'N',140.12,2,4),(11,'PVJC',50,'A','051907EMM*ST','061805AVE*WA','111402EMM*BA','100308ALA*GL',1,3,43,NULL,'N',149.26,3,2),(11,'PVJC',50,'B','100107KAI*GR','100404MEL*CO','021403AME*CA','040909BRA*WO',1,5,43,NULL,'N',169.44,4,0),(12,'PVPLT',3,'A','042302NIC*SA','110699COD*MO','122003LUCMFA','102799COL*DO',1,4,62,162.32,'N',146.26,2,4),(12,'PVPLT',4,'A','040801BRI*DE','052801IRE*NA','090800KAY*BO','013001SAR*GR',1,4,64,169.22,'N',162.21,1,8),(12,'PVPLT',4,'B','102003CAR*LE','032200EMI*FL','020702ISA*FL','040400KAT*AV',1,2,62,176.44,'N',166.59,2,4),(12,'PVPLT',49,'A','062406TIM*TO','112704SEA*DO','040103ANG*NA','080508NOA*DE',1,4,44,NULL,'N',125.41,1,8),(12,'PVPLT',49,'B','030907JONDRI','102404JAC*DE','123002BRO*DO','012709TIMJRI',1,2,44,NULL,'N',131.08,2,4),(12,'PVPLT',50,'A','040207HAN*DO','061405JOR*LY','012603ELL*DE','070908SYDLVA',1,4,43,NULL,'N',137.09,2,4),(12,'PVPLT',50,'B','080806JAN*LE','080204OLIKFI','090902SAR*KE','011009RACNHO',1,2,44,NULL,'N',144.32,3,2),(12,'PVWLP',3,'A','123105YUA*CU','082302RYA*CH','010699RAM*ZA','103002MAT*HO',1,3,57,NULL,'N',139.44,1,8),(12,'PVWLP',4,'A','011106SOPLZE','012305EMM*SO','110305TIA*YA','101505JIRPKI',1,3,45,NULL,'N',208.21,3,2),(12,'PVWLP',4,'B','011607HAN*GH','051608CAT*YA','041707ANNKSU','032508STE*SH',1,5,38,NULL,'Y',NULL,NULL,NULL),(12,'PVWLP',49,'A','111407ALEPBA','091604EVA*CH','010303ALA*CH','090508ERI*CH',1,3,43,NULL,'N',131.18,3,2),(12,'PVWLP',49,'B','030507AJA*GR','100405ZANAGH','051803RUN*CU','072409BENHRE',1,5,42,NULL,'N',203.32,4,0),(12,'PVWLP',50,'A','091707SOPMLI','122404SOP*ZH','072702AVA*ZH','080308AND*CH',1,3,43,NULL,'N',125,1,8),(12,'PVWLP',50,'B','061306JUL*LI','031105RAC*WA','091603JEAMKI','040509EVAWWU',1,5,43,NULL,'N',152.44,4,0),(16,'PVFH',1,'A','091106DIEFRA','083105JOSELO','110802BRIAHE','091008MAN*TA',1,2,43,124.94,'N',120.69,2,10),(16,'PVFH',2,'A','121406JASSCA','060204ABI*BE','061602NICABA','102208LILTJA',1,3,44,NULL,'N',134.41,5,4),(16,'PVFH',3,'A','013100JUA*RA','031900ANNIMA','112900RICACA','092798SAYHVA',1,4,68,NULL,'N',120.9,1,14),(16,'PVFH',4,'A','061602NICABA','080703MARECA','110802BRIAHE','102802CHRMFE',1,5,55,NULL,'N',139.76,4,6),(16,'PVFH',5,'A','102208LILTJA','051509JOCNCA','091008MAN*TA','072209PET*ZH',1,6,31,NULL,'N',102.39,2,10),(16,'PVFH',6,'A','091106DIEFRA','121406JASSCA','022607ALIAJO','011207AXEFBA',1,1,40,NULL,'N',171.26,4,6),(16,'PVFH',7,'A','060204ABI*BE','062005AURRCH','083105JOSELO','101504MARCPA',1,2,46,NULL,'N',143.5,3,8),(16,'PVFH',8,'A','013100JUA*RA','102802CHRMFE','030901JACMGE','110802BRIAHE',1,3,61,NULL,'N',142.19,4,6),(16,'PVFH',9,'A','092798SAYHVA','031900ANNIMA','060204ABI*BE','073005LEE*CH',1,4,58,NULL,'N',150.7,3,8),(16,'PVFH',10,'A','110802BRIAHE','083105JOSELO','091106DIEFRA','091008MAN*TA',1,5,43,NULL,'N',77.44,2,10),(16,'PVFH',11,'A','022607ALIAJO','060204ABI*BE','061602NICABA','102208LILTJA',1,6,44,NULL,'N',91.15,5,4),(16,'PVFH',12,'A','072209PET*ZH','032111DEGNRA','091008MAN*TA','020210FAR*JE',1,1,28,NULL,'Y',NULL,NULL,NULL),(16,'PVFH',13,'A','110410ALERBA','051509JOCNCA','102208LILTJA','110508ANDLPA',1,2,30,NULL,'Y',NULL,NULL,NULL),(16,'PVFH',14,'A','091106DIEFRA','011207AXEFBA','012308ALE*CH','042808SHR*GH',1,3,38,NULL,'N',85.16,2,10),(16,'PVFH',15,'A','022607ALIAJO','072706SOP*ES','121406JASSCA','022407SANCEM',1,4,40,NULL,'N',117.9,3,8),(16,'PVFH',16,'A','092798SAYHVA','031900ANNIMA','030901JACMGE','013100JUA*RA',1,5,68,NULL,'N',134.58,2,10),(16,'PVFH',17,'A','083105JOSELO','020305DAVHCL','101504MARCPA','121704BENHRO',1,6,47,NULL,'N',186.64,4,6),(16,'PVFH',18,'A','062005AURRCH','060204ABI*BE','073005LEE*CH','082904BELVGE',1,1,46,NULL,'N',166.85,1,14),(16,'PVFH',19,'A','062003IVADSO','102802CHRMFE','110802BRIAHE','110802ALE*BR',1,2,55,NULL,'N',152.73,3,8),(16,'PVFH',20,'A','080703MARECA','121602MAA*GU','061602NICABA','012503HRI*TA',1,3,55,NULL,'N',168.59,5,4),(16,'PVFH',21,'A','091008MAN*TA','083105JOSELO','013100JUA*RA','110802BRIAHE',1,4,50,NULL,'N',159.04,2,10),(16,'PVFH',22,'A','102208LILTJA','060204ABI*BE','092798SAYHVA','061602NICABA',1,5,52,NULL,'N',178.14,1,14),(16,'PVFM',1,'A','112106DAVISE','012705TYLJCO','110402MIKBFE','110508DEN*WR',1,5,44,NULL,'N',130.01,3,8),(16,'PVFM',2,'A','060606NAO*ES','043006CAI*KI','120503NIC*SZ','092108ISA*TR',1,6,42,NULL,'N',131.07,2,10),(16,'PVFM',3,'A','110100MATSKE','030999MERLMU','052599SAM*BR','102400GRACHE',1,1,68,NULL,'N',124.84,5,4),(16,'PVFM',4,'A','060403LAUJSE','110402MIKBFE','021304JAK*ES','120503NIC*SZ',1,2,53,NULL,'N',129.84,2,10),(16,'PVFM',5,'A','102208LOR*RI','090308CAT*BU','092108ISA*TR','110508DEN*WR',1,3,32,NULL,'N',105.75,3,8),(16,'PVFM',6,'A','060606NAO*ES','022608MAS*GA','112106DAVISE','090107BRYGRO',1,4,38,NULL,'N',174.34,5,4),(16,'PVFM',7,'A','060505GARQHE','120504SARANA','043006CAI*KI','012705TYLJCO',1,5,46,NULL,'N',140.47,2,10),(16,'PVFM',8,'A','071399BENJFE','092202ESH*LU','052599SAM*BR','110100MATSKE',1,6,65,NULL,'N',146.2,5,4),(16,'PVFM',9,'A','030999MERLMU','120503NIC*SZ','012802LERAWA','102400GRACHE',1,1,62,NULL,'N',158.13,5,4),(16,'PVFM',10,'A','110402MIKBFE','022608MAS*GA','012705TYLJCO','110508DEN*WR',1,2,43,NULL,'Y',NULL,NULL,NULL),(16,'PVFM',11,'A','090308CAT*BU','060606NAO*ES','120503NIC*SZ','043006CAI*KI',1,3,42,NULL,'N',86.89,3,8),(16,'PVFM',12,'A','100909CHA*TE','120810PET*BU','102208LOR*RI','110508DEN*WR',1,4,29,NULL,'N',153.51,3,8),(16,'PVFM',13,'A','090308CAT*BU','091009SAM*RO','022310ARI*SA','092108ISA*TR',1,5,30,NULL,'N',109.65,1,14),(16,'PVFM',14,'A','070207EMR*WR','022608MAS*GA','112106DAVISE','052808KYL*LI',1,6,37,NULL,'N',108.71,5,4),(16,'PVFM',15,'A','090106EMIKTE','090107BRYGRO','060606NAO*ES','062007ANY*TO',1,1,38,NULL,'N',95.76,2,10),(16,'PVFM',16,'A','030999MERLMU','071399BENJFE','012802LERAWA','110100MATSKE',1,2,66,NULL,'N',155.37,5,4),(16,'PVFM',17,'A','011905RIE*WA','122204FEL*LE','012705TYLJCO','060505GARQHE',1,3,47,NULL,'N',170.29,1,14),(16,'PVFM',18,'A','022805RACCRE','122705ELIAMA','043006CAI*KI','120504SARANA',1,4,46,NULL,'N',181.39,4,6),(16,'PVFM',19,'A','110402MIKBFE','092202ESH*LU','020104RYA*KI','021304JAK*ES',1,5,54,NULL,'N',153.03,4,6),(16,'PVFM',20,'A','120503NIC*SZ','060403LAUJSE','103102ELL*ES','101002MER*HE',1,6,54,NULL,'N',152.88,1,14),(16,'PVFM',21,'A','110508DEN*WR','012705TYLJCO','052599SAM*BR','110402MIKBFE',1,1,52,NULL,'N',173.04,4,6),(16,'PVFM',22,'A','090308CAT*BU','043006CAI*KI','030999MERLMU','120503NIC*SZ',1,2,50,NULL,'N',183.07,2,10),(16,'PVJC',1,'A','070106DAV*KA','061504NEL*LE','022504DANYSI','101508DYL*NO',1,4,43,NULL,'N',151.87,6,2),(16,'PVJC',2,'A','051907EMM*ST','061805AVE*WA','012203ALLKWO','062808ALE*WA',1,5,44,NULL,'N',144.33,6,2),(16,'PVJC',3,'A','102298AND*DU','053100CAR*DU','111000JUS*WO','110700CHL*OS',1,6,67,NULL,'N',123.09,2,10),(16,'PVJC',5,'A','070709TYL*BO','092109SEB*GA','071511ALE*BA','053110ISA*ST',1,2,26,NULL,'N',142.47,6,2),(16,'PVJC',6,'A','032707JOH*CA','051507SYD*DI','051907EMM*ST','070106DAV*KA',1,3,40,NULL,'N',168.72,3,8),(16,'PVJC',7,'A','061504NEL*LE','061805AVE*WA','081405THE*MA','071705ADR*UR',1,4,46,NULL,'N',159.68,6,2),(16,'PVJC',8,'A','032707JOH*CA','111000JUS*WO','070106DAV*KA','102298AND*DU',1,5,54,NULL,'N',155.08,6,2),(16,'PVJC',9,'A','053100CAR*DU','052401JUL*MA','110700CHL*OS','042401MAY*WI',1,6,65,NULL,'N',142.7,1,14),(16,'PVJC',10,'A','101508DYL*NO','070106DAV*KA','081405THE*MA','022504DANYSI',1,1,42,NULL,'N',107.44,5,4),(16,'PVJC',11,'A','040909BRA*WO','052206ABIYSI','051907EMM*ST','012203ALL*WO',1,2,43,NULL,'N',108.5,6,2),(16,'PVJC',12,'A','092109SEB*GA','072908OLI*WA','101508DYL*NO','070709TYL*BO',1,3,30,NULL,'Y',NULL,NULL,NULL),(16,'PVJC',13,'A','062808ALE*WA','040909BRA*WO','100308ALA*GL','021810MAK*BA',1,4,31,NULL,'Y',NULL,NULL,NULL),(16,'PVJC',14,'A','090707JAC*WO','032707JOH*CA','032208ANT*UR','070106DAV*KA',1,5,38,NULL,'N',93.81,3,8),(16,'PVJC',15,'A','071107ANI*MA','051907EMM*ST','051507SYD*DI','081207JAYEKN',1,6,38,NULL,'N',118.31,4,6),(16,'PVJC',16,'A','052401JUL*MA','111000JUS*WO','053100CAR*DU','102298AND*DU',1,1,67,NULL,'N',133.16,1,14),(16,'PVJC',20,'A','012203ALL*WO','111402EMM*BA','021403AME*CA','073102BRE*HO',1,5,56,NULL,'N',158.87,2,10),(16,'PVJC',21,'A','101508DYL*NO','061504NEL*LE','102298AND*DU','022504DANYSI',1,6,51,NULL,'N',203.31,6,2),(16,'PVJC',22,'A','100308ALA*GL','061805AVE*WA','053100CAR*DU','012203ALL*WO',1,1,51,NULL,'N',184.74,5,4),(16,'PVLB',1,'A','010907GAB*JO','051805KALABR','102202ETHDPH','081810FER*MO',1,3,42,NULL,'N',137.49,5,4),(16,'PVLB',2,'A','081906AMYTSA','061205XUNYLO','030803ELLGSE','070308JAE*FA',1,4,43,NULL,'N',132.52,4,6),(16,'PVLB',3,'A','072100GABRAN','070899ILCPHE','020802MATRBR','120599EVECBL',1,5,65,NULL,'N',124.59,4,6),(16,'PVLB',4,'A','021103PARTRO','030803ELLGSE','052403REDAMI','102202ETHDPH',1,6,56,NULL,'N',132.89,3,8),(16,'PVLB',5,'A','091709GEN*CH','081810FER*MO','122008TAYJOL','070308JAE*FA',1,1,29,NULL,'N',112.15,5,4),(16,'PVLB',6,'A','081906AMYTSA','101807LINLYO','010407DIE*MA','010907GAB*JO',1,2,39,NULL,'N',166.93,2,10),(16,'PVLB',7,'A','071804ARI*JO','061205XUNYLO','080105SHO*LE','051805KALABR',1,3,46,NULL,'N',152.75,5,4),(16,'PVLB',8,'A','021103PARTRO','020802MATRBR','120599EVECBL','102202ETHDPH',1,4,60,NULL,'N',134.89,2,10),(16,'PVLB',9,'A','092401SKYCBL','030803ELLGSE','072100GABRAN','070899ILCPHE',1,5,62,NULL,'N',153.01,4,6),(16,'PVLB',10,'A','081810FER*MO','051805KALABR','021103PARTRO','010907GAB*JO',1,6,42,NULL,'N',92.84,4,6),(16,'PVLB',11,'A','101807LINLYO','030803ELLGSE','061205XUNYLO','070308JAE*FA',1,1,42,NULL,'N',82.33,1,14),(16,'PVLB',12,'A','081810FER*MO','080609AAR*OR','122008TAYJOL','051310LOR*FL',1,2,28,NULL,'N',163.02,4,6),(16,'PVLB',13,'A','060110AVN*GI','091709GEN*CH','070308JAE*FA','101410KALAMI',1,3,28,NULL,'Y',NULL,NULL,NULL),(16,'PVLB',14,'A','073007MILJHI','042208TOM*SP','010407DIE*MA','010907GAB*JO',1,4,38,NULL,'N',107.51,4,6),(16,'PVLB',15,'A','101807LINLYO','050107SOFASA','081906AMYTSA','051907SOP*FL',1,5,39,NULL,'Y',NULL,NULL,NULL),(16,'PVLB',16,'A','120599EVECBL','020802MATRBR','092401SKYCBL','072100GABRAN',1,6,63,NULL,'N',143.32,3,8),(16,'PVLB',17,'A','110805JOSDSP','051805KALABR','070505JONSMC','071804ARI*JO',1,1,46,NULL,'N',172.54,2,10),(16,'PVLB',18,'A','080105SHO*LE','102604AMEMMA','061205XUNYLO','072204CLA*LE',1,2,46,NULL,'Y',NULL,NULL,NULL),(16,'PVLB',19,'A','102202ETHDPH','100603MIL*SA','021103PARTRO','102902EDSEOR',1,3,55,NULL,'N',149.13,2,10),(16,'PVLB',20,'A','123102PEYEMA','030803ELLGSE','052403REDAMI','031903LOR*MU',1,4,56,NULL,'N',160.69,3,8),(16,'PVLB',21,'A','081810FER*MO','051805KALABR','120599EVECBL','102202ETHDPH',1,5,49,NULL,'N',179.05,5,4),(16,'PVLB',22,'A','070308JAE*FA','061205XUNYLO','072100GABRAN','030803ELLGSE',1,6,49,NULL,'N',184.21,3,8),(16,'PVPLT',1,'A','120206AND*KL','112704SEA*DO','040103ANG*NA','080508NOA*DE',1,1,44,NULL,'N',116.34,1,14),(16,'PVPLT',2,'A','040207HAN*DO','061405JOR*LY','012603ELL*DE','032110CARAKL',1,2,42,NULL,'N',131.44,3,8),(16,'PVPLT',3,'A','102799COL*DO','120600JUL*TO','090800KAY*BO','042302NIC*SA',1,3,64,NULL,'N',123.82,3,8),(16,'PVPLT',4,'A','123002BRO*DO','012603ELL*DE','090902SAR*KE','040103ANG*NA',1,4,56,NULL,'N',127.81,1,14),(16,'PVPLT',5,'A','080508NOA*DE','032110CARAKL','060208NATRFL','012709TIMJRI',1,5,31,NULL,'N',96.23,1,14),(16,'PVPLT',6,'A','062406TIM*TO','020607SAMDFI','040207HAN*DO','120206AND*KL',1,6,40,NULL,'N',154.02,1,14),(16,'PVPLT',7,'A','061405JOR*LY','102404JAC*DE','080204OLIKFI','112704SEA*DO',1,1,47,NULL,'N',143.95,4,6),(16,'PVPLT',8,'A','042302NIC*SA','110699COD*MO','123002BRO*DO','102799COL*DO',1,2,63,NULL,'N',142.12,3,8),(16,'PVPLT',9,'A','120600JUL*TO','013001SAR*GR','090800KAY*BO','040801BRI*DE',1,3,64,NULL,'N',150.51,2,10),(16,'PVPLT',10,'A','120206AND*KL','040103ANG*NA','112704SEA*DO','012709TIMJRI',1,4,44,NULL,'N',74.69,1,14),(16,'PVPLT',11,'A','080806JAN*LE','041905CLA*VA','012603ELL*DE','032110CARAKL',1,5,43,NULL,'N',88.43,4,6),(16,'PVPLT',12,'A','102308CHAZSC','080508NOA*DE','012709TIMJRI','021209ETH*RO',1,6,32,NULL,'N',119.75,2,10),(16,'PVPLT',13,'A','032110CARAKL','041210ELLCCE','060208NATRFL','093009RYLJWI',1,1,29,NULL,'Y',NULL,NULL,NULL),(16,'PVPLT',14,'A','120206AND*KL','062606KEELGR','062406TIM*TO','021407CAMJWI',1,2,40,NULL,'N',84.7,1,14),(16,'PVPLT',15,'A','013108ABIGAJ','080806JAN*LE','040207HAN*DO','020607SAMDFI',1,3,39,NULL,'N',90.75,1,14),(16,'PVPLT',16,'A','120600JUL*TO','013001SAR*GR','042302NIC*SA','102799COL*DO',1,4,64,NULL,'N',144.77,4,6),(16,'PVPLT',17,'A','102404JAC*DE','121404AIDRGR','112704SEA*DO','032505YEN*TR',1,5,48,NULL,'N',185.89,3,8),(16,'PVPLT',18,'A','021605ANN*SC','041905CLA*VA','061405JOR*LY','080204OLIKFI',1,6,47,NULL,'N',175.39,3,8),(16,'PVPLT',19,'A','122003LUCMFA','040103ANG*NA','123002BRO*DO','050903COL*BO',1,1,55,NULL,'N',138.44,1,14),(16,'PVPLT',20,'A','012603ELL*DE','102003CAR*LE','090902SAR*KE','091303ELL*ST',1,2,54,NULL,'N',163.85,4,6),(16,'PVPLT',21,'A','080508NOA*DE','112704SEA*DO','042302NIC*SA','040103ANG*NA',1,3,49,NULL,'N',159.21,3,8),(16,'PVPLT',22,'A','032110CARAKL','061405JOR*LY','120600JUL*TO','012603ELL*DE',1,4,48,NULL,'N',184.44,4,6),(16,'PVWLP',1,'A','111407ALEPBA','091604EVA*CH','010303ALA*CH','090508ERI*CH',1,6,43,NULL,'N',130.85,4,6),(16,'PVWLP',2,'A','091707SOPMLI','122404SOP*ZH','072702AVA*ZH','040509EVAWWU',1,1,43,NULL,'N',125.82,1,14),(16,'PVWLP',5,'A','090508ERI*CH','072409BENHRE','040509EVAWWU','072211KATIRE',1,4,28,NULL,'N',112.01,4,6),(16,'PVWLP',7,'A','091604EVA*CH','123105YUA*CU','021106JOY*JI','122404SOP*ZH',1,6,46,NULL,'N',132.03,1,14),(16,'PVWLP',8,'A','082302RYA*CH','010303ALA*CH','010699RAM*ZA','051803RUN*CU',1,1,60,NULL,'N',133.4,1,14),(16,'PVWLP',10,'A','123105YUA*CU','082302RYA*CH','111407ALEPBA','072409BENHRE',1,3,41,NULL,'N',78.99,3,8),(16,'PVWLP',11,'A','091707SOPMLI','122404SOP*ZH','072702AVA*ZH','040509EVAWWU',1,4,43,NULL,'N',83.47,2,10),(16,'PVWLP',12,'A','021610GAVLWA','081109JUSCJI','090508ERI*CH','072409BENHRE',1,5,29,NULL,'N',117.45,1,14),(16,'PVWLP',17,'A','123105YUA*CU','020306MAT*SH','091604EVA*CH','100405ZANAGH',1,1,45,228.98,'N',NULL,NULL,0),(16,'PVWLP',18,'A','021106JOY*JI','012305EMM*SO','122404SOP*ZH','011106SOPLZE',1,5,46,NULL,'N',171.18,2,10),(16,'PVWLP',21,'A','072409BENHRE','091604EVA*CH','010699RAM*ZA','010303ALA*CH',1,2,51,NULL,'N',158.6,1,14);
/*!40000 ALTER TABLE `relay_results` ENABLE KEYS */;
UNLOCK TABLES;

--
-- Table structure for table `sdif_codes`
--

DROP TABLE IF EXISTS `sdif_codes`;
/*!40101 SET @saved_cs_client     = @@character_set_client */;
/*!40101 SET character_set_client = utf8 */;
CREATE TABLE `sdif_codes` (
  `block` int(11) NOT NULL,
  `code` varchar(4) NOT NULL,
  `value` varchar(45) DEFAULT NULL,
  PRIMARY KEY (`block`,`code`)
) ENGINE=InnoDB DEFAULT CHARSET=latin1;
/*!40101 SET character_set_client = @saved_cs_client */;

--
-- Dumping data for table `sdif_codes`
--

LOCK TABLES `sdif_codes` WRITE;
/*!40000 ALTER TABLE `sdif_codes` DISABLE KEYS */;
INSERT INTO `sdif_codes` VALUES (1,'1','USS'),(1,'2','Masters'),(1,'3','NCAA'),(1,'4','NCAA Div I'),(1,'5','NCAA Div II'),(1,'6','NCAA Div III'),(1,'7','YMCA'),(1,'8','FINA'),(1,'9','High School'),(2,'AD','Adirondack'),(2,'AK','Alaska'),(2,'AM','Allegheny Mountain'),(2,'AR','Arkansas'),(2,'AZ','Arizona'),(2,'BD','Border'),(2,'CA','Southern California'),(2,'CC','Central California'),(2,'CO','Colorado'),(2,'CT','Connecticut'),(2,'FG','Florida Gold Coast'),(2,'FL','Florida'),(2,'GA','Georgia'),(2,'GU','Gulf'),(2,'HI','Hawaii'),(2,'IA','Iowa'),(2,'IE','Inland Empire'),(2,'IL','Illinois'),(2,'IN','Indiana'),(2,'KY','Kentucky'),(2,'LA','Louisiana'),(2,'LE','Lake Erie'),(2,'MA','Middle Atlantic'),(2,'MD','Maryland'),(2,'ME','Maine'),(2,'MI','Michigan'),(2,'MN','Minnesota'),(2,'MR','Metropolitan'),(2,'MS','Mississippi'),(2,'MT','Montana'),(2,'MV','Missouri Valley'),(2,'MW','Midwestern'),(2,'NC','North Carolina'),(2,'ND','North Dakota'),(2,'NE','New England'),(2,'NI','Niagara'),(2,'NJ','New Jersey'),(2,'NM','New Mexico'),(2,'NT','North Texas'),(2,'OH','Ohio'),(2,'OK','Oklahoma'),(2,'OR','Oregon'),(2,'OZ','Ozark'),(2,'PC','Pacific'),(2,'PN','Pacific Northwest'),(2,'PV','Potomac Valley'),(2,'SC','South Carolina'),(2,'SD','South Dakota'),(2,'SE','Southeastern'),(2,'SI','San Diego Imperial'),(2,'SN','Sierra Nevada'),(2,'SR','Snake River'),(2,'ST','South Texas'),(2,'UT','Utah'),(2,'VA','Virginia'),(2,'WI','Wisconsin'),(2,'WT','West Texas'),(2,'WV','West Virginia'),(2,'WY','Wyoming'),(3,'01','Meet Registrations'),(3,'02','Meet Results'),(3,'03','OVC'),(3,'04','National Age Group Record'),(3,'05','LSC Age Group Record'),(3,'06','LSC Motivational List'),(3,'07','National Records and Rankings'),(3,'08','Team Selection'),(3,'09','LSC Best Times'),(3,'10','USS Registration'),(3,'16','Top 16'),(3,'20','Vendor-defined code'),(4,'AHO','Antilles Netherlands (Dutch West Indies)'),(4,'ALB','Albania'),(4,'ALG','Algeria'),(4,'AND','Andorra'),(4,'ANG','Angola'),(4,'ANT','Antigua'),(4,'ARG','Argentina'),(4,'ARM','Armenia'),(4,'ARU','Aruba'),(4,'ASA','American Samoa'),(4,'AUS','Australia'),(4,'AUT','Austria'),(4,'AZE','Azerbaijan'),(4,'BAH','Bahamas'),(4,'BAN','Bangladesh'),(4,'BAR','Barbados'),(4,'BEL','Belgium'),(4,'BEN','Benin'),(4,'BER','Bermuda'),(4,'BHU','Bhutan'),(4,'BIZ','Belize'),(4,'BLS','Belarus'),(4,'BOL','Bolivia'),(4,'BOT','Botswana'),(4,'BRA','Brazil'),(4,'BRN','Bahrain'),(4,'BRU','Brunei'),(4,'BUL','Bulgaria'),(4,'BUR','Burkina Faso'),(4,'CAF','Central African Republic'),(4,'CAN','Canada'),(4,'CAY','Cayman Islands'),(4,'CGO','People\'s Rep. of Congo'),(4,'CHA','Chad'),(4,'CHI','Chile'),(4,'CHN','People\'s Rep. of China'),(4,'CIV','Ivory Coast'),(4,'CMR','Cameroon'),(4,'COK','Cook Islands'),(4,'COL','Columbia'),(4,'CRC','Costa Rica'),(4,'CRO','Croatia'),(4,'CUB','Cuba'),(4,'CYP','Cyprus'),(4,'DEN','Denmark'),(4,'DJI','Djibouti'),(4,'DOM','Dominican Republic'),(4,'ECU','Ecuador'),(4,'EGY','Arab Republic of Egypt'),(4,'ESA','El Salvador'),(4,'ESP','Spain'),(4,'EST','Estonia'),(4,'ETH','Ethiopia'),(4,'FIJ','Fiji'),(4,'FIN','Finland'),(4,'FRA','France'),(4,'GAB','Gabon'),(4,'GAM','Gambia'),(4,'GBR','Great Britain'),(4,'GEO','Georgia'),(4,'GEQ','Equatorial Guinea'),(4,'GER','Germany'),(4,'GHA','Ghana'),(4,'GRE','Greece'),(4,'GRN','Grenada'),(4,'GUA','Guatemala'),(4,'GUI','Guinea'),(4,'GUM','Guam'),(4,'GUY','Guyana'),(4,'HAI','Haiti'),(4,'HKG','Hong Kong'),(4,'HON','Honduras'),(4,'HUN','Hungary'),(4,'INA','Indonesia'),(4,'IND','India'),(4,'IRI','Islamic Rep. of Iran'),(4,'IRL','Ireland'),(4,'IRQ','Iraq'),(4,'ISL','Iceland'),(4,'ISR','Israel'),(4,'ISV','Virgin Islands'),(4,'ITA','Italy'),(4,'IVB','British Virgin Islands'),(4,'JAM','Jamaica'),(4,'JOR','Jordan'),(4,'JPN','Japan'),(4,'KEN','Kenya'),(4,'KGZ','Kyrghyzstan'),(4,'KOR','Korea (South)'),(4,'KSA','Saudi Arabia'),(4,'KUW','Kuwait'),(4,'KZK','Kazakhstan'),(4,'LAO','Laos'),(4,'LAT','Latvia'),(4,'LBA','Libya'),(4,'LBR','Liberia'),(4,'LES','Lesotho'),(4,'LIB','Lebanon'),(4,'LIE','Liechtenstein'),(4,'LIT','Lithuania'),(4,'LUX','Luxembourg'),(4,'MAD','Madagascar'),(4,'MAR','Morocco'),(4,'MAS','Malaysia'),(4,'MAW','Malawi'),(4,'MDV','Maldives'),(4,'MEX','Mexico'),(4,'MGL','Mongolia'),(4,'MLD','Moldova'),(4,'MLI','Mali'),(4,'MLT','Malta'),(4,'MON','Monaco'),(4,'MOZ','Mozambique'),(4,'MRI','Mauritius'),(4,'MTN','Mauritania'),(4,'MYA','Union of Myanmar'),(4,'NAM','Namibia'),(4,'NCA','Nicaragua'),(4,'NED','The Netherlands'),(4,'NEP','Nepal'),(4,'NGR','Nigeria'),(4,'NIG','Niger'),(4,'NOR','Norway'),(4,'NZL','New Zealand'),(4,'OMA','Oman'),(4,'PAK','Pakistan'),(4,'PAN','Panama'),(4,'PAR','Paraguay'),(4,'PER','Peru'),(4,'PHI','Philippines'),(4,'PNG','Papau-New Guinea'),(4,'POL','Poland'),(4,'POR','Portugal'),(4,'PRK','Democratic People\'s Rep. of Korea'),(4,'PUR','Puerto Rico'),(4,'QAT','Qatar'),(4,'ROM','Romania'),(4,'RSA','South Africa'),(4,'RUS','Russia'),(4,'RWA','Rwanda'),(4,'SAM','Western Samoa'),(4,'SEN','Senegal'),(4,'SEY','Seychelles'),(4,'SIN','Singapore'),(4,'SLE','Sierra Leone'),(4,'SLO','Slovenia'),(4,'SMR','San Marino'),(4,'SOL','Solomon Islands'),(4,'SOM','Somalia'),(4,'SRI','Sri Lanka'),(4,'SUD','Sudan'),(4,'SUI','Switzerland'),(4,'SUR','Surinam'),(4,'SWE','Sweden'),(4,'SWZ','Swaziland'),(4,'SYR','Syria'),(4,'TAN','Tanzania'),(4,'TCH','Czechoslovakia'),(4,'TGA','Tonga'),(4,'THA','Thailand'),(4,'TJK','Tadjikistan'),(4,'TOG','Togo'),(4,'TPE','Chinese Taipei'),(4,'TRI','Trinidad & Tobago'),(4,'TUN','Tunisia'),(4,'TUR','Turkey'),(4,'UAE','United Arab Emirates'),(4,'UGA','Uganda'),(4,'UKR','Ukraine'),(4,'URU','Uruguay'),(4,'USA','United States of America'),(4,'VAN','Vanuatu'),(4,'VEN','Venezuela'),(4,'VIE','Vietnam'),(4,'VIN','St. Vincent and the Grenadines'),(4,'YEM','Yemen'),(4,'YUG','Yugoslavia'),(4,'ZAI','Zaire'),(4,'ZAM','Zambia'),(4,'ZIM','Zimbabwe'),(5,'0','Time Trials'),(5,'1','Invitational'),(5,'2','Regional'),(5,'3','LSC Championship'),(5,'4','Zone'),(5,'5','Zone Championship'),(5,'6','National Championship'),(5,'7','Juniors'),(5,'8','Seniors'),(5,'9','Dual'),(5,'A','International'),(5,'B','Open'),(5,'C','League'),(7,'1','Region 1'),(7,'2','Region 2'),(7,'3','Region 3'),(7,'4','Region 4'),(7,'5','Region 5'),(7,'6','Region 6'),(7,'7','Region 7'),(7,'8','Region 8'),(7,'9','Region 9'),(7,'A','Region 10'),(7,'B','Region 11'),(7,'C','Region 12'),(7,'D','Region 13'),(7,'E','Region 14'),(9,'2AL','Dual: USA and other country'),(9,'FGN','Foreign'),(10,'F','Girls'),(10,'M','Boys'),(11,'F','Girls'),(11,'M','Boys'),(11,'X','Mixed'),(12,'1','Freestyle'),(12,'2','Backstroke'),(12,'3','Breaststroke'),(12,'4','Butterfly'),(12,'5','Individual Medley'),(12,'6','Freestyle Relay'),(12,'7','Medley Relay'),(13,'1','Short Course Meters'),(13,'2','Short Course Yards'),(13,'3','Long Course Meters'),(13,'L','Long Course Meters'),(13,'S','Short Course Meters'),(13,'X','Disqualified'),(13,'Y','Short Course Yards'),(14,'1','Novice times'),(14,'2','B standard times'),(14,'3','A standard times'),(14,'4','AA standard times'),(14,'5','AAA standard times'),(14,'6','AAAA standard times'),(14,'J','Junior standard times'),(14,'O','no upper limit (right character only)'),(14,'P','BB standard times'),(14,'S','Senior standard times'),(14,'U','no lower limit (left character only)'),(15,'C','Cumulative splits supplied'),(15,'I','Interval splits supplied'),(16,'A','Swimmer is attached to team'),(16,'U','Swimmer is swimming unattached'),(17,'C','Central Zone'),(17,'E','Eastern Zone'),(17,'S','Southern Zone'),(17,'W','Western Zone'),(18,'BLUE','Blue'),(18,'BRNZ','Bronze'),(18,'GOLD','Gold'),(18,'RED','Red (note that fourth character is a space)'),(18,'SILV','Silver'),(18,'WHIT','White'),(19,'F','Finals'),(19,'P','Prelims'),(19,'S','Swim-offs'),(20,'DNF','Did Not Finish'),(20,'DQ','Disqualified'),(20,'NS','No Swim (or No Show)'),(20,'NT','No Time'),(20,'SCR','Scratch'),(21,'C','Change'),(21,'D','Delete'),(21,'N','New'),(21,'R','Renew'),(22,'1','Season 1'),(22,'2','Season 2'),(22,'N','Year-round'),(24,'0','Not on team for this swim'),(24,'1','First leg'),(24,'2','Second leg'),(24,'3','Third leg'),(24,'4','Fourth leg'),(24,'A','Alternate'),(26,'Q','African American'),(26,'R','Asian or Pacific Islander'),(26,'S','Caucasian'),(26,'T','Hispanic'),(26,'U','Native American'),(26,'V','Other'),(26,'W','Decline');
/*!40000 ALTER TABLE `sdif_codes` ENABLE KEYS */;
UNLOCK TABLES;

--
-- Table structure for table `seed_rank`
--

DROP TABLE IF EXISTS `seed_rank`;
/*!40101 SET @saved_cs_client     = @@character_set_client */;
/*!40101 SET character_set_client = utf8 */;
CREATE TABLE `seed_rank` (
  `rank` int(11) NOT NULL,
  `team` varchar(6) NOT NULL,
  PRIMARY KEY (`rank`)
) ENGINE=InnoDB DEFAULT CHARSET=latin1;
/*!40101 SET character_set_client = @saved_cs_client */;

--
-- Dumping data for table `seed_rank`
--

LOCK TABLES `seed_rank` WRITE;
/*!40000 ALTER TABLE `seed_rank` DISABLE KEYS */;
INSERT INTO `seed_rank` VALUES (1,'PVPLT'),(2,'PVFH'),(3,'PVLB'),(4,'PVJC'),(5,'PVFM'),(6,'PVWLP');
/*!40000 ALTER TABLE `seed_rank` ENABLE KEYS */;
UNLOCK TABLES;

--
-- Temporary view structure for view `stroke_codes`
--

DROP TABLE IF EXISTS `stroke_codes`;
/*!50001 DROP VIEW IF EXISTS `stroke_codes`*/;
SET @saved_cs_client     = @@character_set_client;
SET character_set_client = utf8;
/*!50001 CREATE VIEW `stroke_codes` AS SELECT 
 1 AS `code`,
 1 AS `value`*/;
SET character_set_client = @saved_cs_client;

--
-- Temporary view structure for view `stroke_seed_times`
--

DROP TABLE IF EXISTS `stroke_seed_times`;
/*!50001 DROP VIEW IF EXISTS `stroke_seed_times`*/;
SET @saved_cs_client     = @@character_set_client;
SET character_set_client = utf8;
/*!50001 CREATE VIEW `stroke_seed_times` AS SELECT 
 1 AS `swimmer`,
 1 AS `stroke`,
 1 AS `distance`,
 1 AS `seed_time`*/;
SET character_set_client = @saved_cs_client;

--
-- Table structure for table `swimmers`
--

DROP TABLE IF EXISTS `swimmers`;
/*!40101 SET @saved_cs_client     = @@character_set_client */;
/*!40101 SET character_set_client = utf8 */;
CREATE TABLE `swimmers` (
  `USSID` varchar(12) NOT NULL,
  `team` varchar(6) NOT NULL,
  `name` varchar(28) NOT NULL,
  `birthdate` varchar(8) NOT NULL,
  `age` varchar(2) NOT NULL,
  `gender` char(1) NOT NULL,
  `USSNUM` varchar(14) DEFAULT NULL,
  PRIMARY KEY (`USSID`)
) ENGINE=InnoDB DEFAULT CHARSET=latin1;
/*!40101 SET character_set_client = @saved_cs_client */;

--
-- Dumping data for table `swimmers`
--

LOCK TABLES `swimmers` WRITE;
/*!40000 ALTER TABLE `swimmers` DISABLE KEYS */;
INSERT INTO `swimmers` VALUES ('010110MAX*VA','PVFM','Valle, Max','01012010','7','M','010110MAX*VALL'),('010206JAI*GU','PVFM','Gurewitz, Jai','01022006','11','M','010206JAI*GURE'),('010303ALA*CH','PVWLP','Chen, Alan','01032003','14','M','010303ALA*CHEN'),('010303ARR*MA','PVFH','Mazhari, Arron','01032003','14','M','010303ARR*MAZH'),('010303CAMMPA','PVFH','Page, Camille M','01032003','14','F','010303CAMMPAGE'),('010402HELSAS','PVLB','Asfawa, Helina S','01042002','15','F','010402HELSASFA'),('010406TRIABO','PVFM','Borno, Trinity A','01042006','11','F','010406TRIABORN'),('010407DIE*MA','PVLB','Martinez, Diego','01042007','10','M','010407DIE*MART'),('010610GOW*CH','PVFM','Chandrashekar, Gowri','01062010','7','F','010610GOW*CHAN'),('010699RAM*ZA','PVWLP','Zarfeshan, Ramin','01061999','18','M','010699RAM*ZARF'),('010907GAB*JO','PVLB','Joshi, Gabriel','01092007','10','M','010907GAB*JOSH'),('011009RACNHO','PVPLT','Howell, Rachel N','01102009','8','F','011009RACNHOWE'),('011106SOPLZE','PVWLP','Zeng, Sophia','01112006','11','F','011106SOPLZENG'),('011207AXEFBA','PVFH','Badobre, Axel F','01122007','10','M','011207AXEFBADO'),('011210EMM*GR','PVFM','Griffin, Emmett','01122010','7','M','011210EMM*GRIF'),('011304SOP*FL','PVPLT','Flynn, Sophia E','01132004','13','F','011304SOP*FLYN'),('011308NAT*LE','PVJC','Lee, Nathan','01132008','9','M','011308NAT*LEE*'),('011308TEAEFE','PVLB','Ferguson, Teagan E','01132008','9','F','011308TEAEFERG'),('011410ANG*DO','PVWLP','Dobi, Angela','01142010','7','F','011410ANG*DOBI'),('011607HAN*GH','PVWLP','Ghalib, Hana S','01162007','10','F','011607HAN*GHAL'),('011700TRAASA','PVLB','Santizo, Tracy A','01172000','17','F','011700TRAASANT'),('011705MIG*AV','PVFH','Avila, Miguel','01172005','12','M','011705MIG*AVIL'),('011899ASH*RA','PVWLP','Rao, Ashvika','01181999','18','F','011899ASH*RAO*'),('011905JOSPGR','PVFM','Griffin, Joseph P','01192005','12','M','011905JOSPGRIF'),('011905RIE*WA','PVFM','Walsh, Riehen','01192005','12','M','011905RIE*WALS'),('012005STAKSU','PVWLP','Sun, Stacy','01202005','12','F','012005STAKSUN*'),('012203ALL*WO','PVJC','Wong, Allison','01222003','14','F','012203ALL*WONG'),('012203ALLKWO','PVJC','Wong, Allison K','01222003','14','F','012203ALLKWONG'),('012208ARJ*RA','PVLB','Ramachandran, Arjun','01222008','9','M','012208ARJ*RAMA'),('012208DREEEW','PVLB','Ewing, Drew E','01222008','9','F','012208DREEEWIN'),('012305EMM*SO','PVWLP','Song, Emma','01232005','12','F','012305EMM*SONG'),('012308ALE*CH','PVFH','Chandran, Alexander','01232008','9','M','012308ALE*CHAN'),('012503HRI*TA','PVFH','Tamrakar, Hridayesha','01252003','14','F','012503HRI*TAMR'),('012504DUL*VA','PVLB','Vasquez-Cardona, Dulce','01252004','13','F','012504DUL*VASQ'),('012603ELL*DE','PVPLT','Devan, Ella','01262003','14','F','012603ELL*DEVA'),('012611HUI*WU','PVFH','Wu, Huilan','01262011','6','F','012611HUI*WU**'),('012705TYLJCO','PVFM','Cosgrove, Tyler J','01272005','12','M','012705TYLJCOSG'),('012709TIMJRI','PVPLT','Ricchini, Timothy J','01272009','8','M','012709TIMJRICC'),('012802LERAWA','PVFM','Walkup, Lera A','01282002','15','F','012802LERAWALK'),('012805MARMGA','PVFM','Gaszner, Martin M','01282005','12','M','012805MARMGASZ'),('013001SAR*GR','PVPLT','Gruber, Sara J','01312001','16','F','013001SAR*GRUB'),('013004ZIO*FR','PVLB','Frost, Zion','01302004','13','F','013004ZIO*FROS'),('013100JUA*RA','PVFH','Ramirez, JuanCarlos','01312000','17','M','013100JUA*RAMI'),('013108ABIGAJ','PVPLT','Ajamian, Abigail','01312008','9','F','013108ABIGAJAM'),('01806VER*OBL','PVLB','Obler, Veronica','01182006','11','F','01806VER*OBLE'),('020104RYA*KI','PVFM','Kim, Ryan','02012004','13','M','020104RYA*KIM*'),('020210FAR*JE','PVFH','Jedinia, Farzam','02022010','7','M','020210FAR*JEDI'),('020305DAVHCL','PVFH','Clark, David H','02032005','12','M','020305DAVHCLAR'),('020306MAT*SH','PVWLP','Shifman, Matthew','02032006','11','M','020306MAT*SHIF'),('020503SUB*SU','PVFH','Sunwar, Subham','02052003','14','M','020503SUB*SUNW'),('020607SAMDFI','PVPLT','Fink, Samantha D','02062007','10','F','020607SAMDFINK'),('020702ISA*FL','PVPLT','Flynn, Isabel C','02072002','15','F','020702ISA*FLYN'),('020705TULHRO','PVLB','Robinson, Tully H','02072005','12','M','020705TULHROBI'),('020802MATRBR','PVLB','Bryant, Matthew R','02082002','15','M','020802MATRBRYA'),('020803BRY*LO','PVLB','Lopez, Bryan','02082003','14','M','020803BRY*LOPE'),('020910MAD*MA','PVFM','Marcus, Madeleine','02092010','7','F','020910MAD*MARC'),('021103PARTRO','PVLB','Robinson, Parker T','02112003','14','M','021103PARTROBI'),('021106JOY*JI','PVWLP','Jiang, Joy','02112006','11','F','021106JOY*JIAN'),('021209ETH*RO','PVPLT','Rossignol, Ethan','02122009','8','M','021209ETH*ROSS'),('021304JAK*ES','PVFM','Esterowitz, Jakob','02132004','13','M','021304JAK*ESTE'),('021311JOHAJA','PVFH','Jauquet, John A','02132011','6','M','021311JOHAJAUQ'),('021403AME*CA','PVJC','Castle, Amelia','02142003','14','F','021403AME*CAST'),('021407CAMJWI','PVPLT','Wilberding, Cameron J','02142007','10','M','021407CAMJWILB'),('021409JOS*SC','PVFM','Schor, Josh','02142009','8','M','021409JOS*SCHO'),('021410THO*SZ','PVFM','Szabo, Thomas','02142010','7','M','021410THO*SZAB'),('021605ANN*SC','PVPLT','Scace, Anneke P','02162005','12','F','021605ANN*SCAC'),('021605BEL*BA','PVWLP','Bargman, Bella S','02162005','12','F','021605BEL*BARG'),('021610GAVLWA','PVWLP','Wang, Gavin','02162010','7','M','021610GAVLWANG'),('021810MAK*BA','PVJC','Babcock, Makenna','02182010','7','F','021810MAK*BABC'),('021904AZA*SH','PVLB','Shiferaw, Azaria','02192004','13','M','021904AZA*SHIF'),('022011REI*ZE','PVWLP','Zeng, Reid','02202011','6','M','022011REI*ZENG'),('022100LOG*CO','PVJC','Cort, Logan','02212000','17','M','022100LOG*CORT'),('022203ANYRBI','PVFM','Bijlani, Anya R','02222003','14','F','022203ANYRBIJL'),('022310ARI*SA','PVFM','Sanchez, Arianna','02232010','7','F','022310ARI*SANC'),('022407SANCEM','PVFH','Emeje, Sanaa\'kay C','02242007','10','F','022407SANCEMEJ'),('022409ELLELO','PVLB','Lopez, Ellie E','02242009','8','F','022409ELLELOPE'),('022504DANYSI','PVJC','Sium, Daniel Y','02252004','13','M','022504DANYSIUM'),('022606DOM*FL','PVPLT','Flynn, Dominic G','02262006','11','M','022606DOM*FLYN'),('022607ALIAJO','PVFH','Jones, Aliyah A','02262007','10','F','022607ALIAJONE'),('022608MAS*GA','PVFM','Gaszner, Mason','02262008','9','M','022608MAS*GASZ'),('022805RACCRE','PVFM','Resnick, Rachel C','02282005','12','F','022805RACCRESN'),('022807JOH*RO','PVJC','Rojas, Johann','02282007','10','M','022807JOH*ROJA'),('030404CAM*PA','PVLB','Padgette, Cameron','03042004','13','M','030404CAM*PADG'),('030507AJA*GR','PVWLP','Grant, Ajani','03052007','10','M','030507AJA*GRAN'),('030601GRA*CA','PVJC','Castle, Grace','03062001','16','F','030601GRA*CAST'),('030603CHREHA','PVFH','Hawkins, Christina E','03062003','14','F','030603CHREHAWK'),('030803ELLGSE','PVLB','Selassie, Ellen G','03082003','14','F','030803ELLGSELA'),('030901JACMGE','PVFH','Gemma, Jacob M','03092001','16','M','030901JACMGEMM'),('030907JONDRI','PVPLT','Ricchini, Jonathan D','03092007','10','M','030907JONDRICC'),('030999MERLMU','PVFM','Murdock, Meredith L','03091999','18','F','030999MERLMURD'),('031005JACDPE','PVLB','Perez, Jacqueline D','03102005','12','F','031005JACDPERE'),('031105RAC*WA','PVWLP','Wang, Rachel','03112005','12','F','031105RAC*WANG'),('031106DHI*VA','PVFM','Vadlamudi, Dhira','03112006','11','M','031106DHI*VADL'),('031201RAEMCA','PVFM','Carpenter, Raeann M','03122001','16','F','031201RAEMCARP'),('031205MAY*RA','PVJC','Ramaswamy, Maya','03122005','12','F','031205MAY*RAMA'),('031208DORCWA','PVWLP','Wang, Doris','03122008','9','F','031208DORCWANG'),('031299WILTQU','PVFM','Quam, Will T','03121999','18','M','031299WILTQUAM'),('031506SACRBI','PVFM','Bijlani, Sachin R','03152006','11','M','031506SACRBIJL'),('031509VIRGMA','PVWLP','Maniar, Vir G','03152009','8','M','031509VIRGMANI'),('031801MAR*WE','PVJC','Welch, Marcus','03182001','16','M','031801MAR*WELC'),('031808XAV*MA','PVFM','Marcus, Xavier','03182008','9','M','031808XAV*MARC'),('031900ANNIMA','PVFH','Mayer, Anna I','03192000','17','F','031900ANNIMAYE'),('031903LOR*MU','PVLB','Munoz, Lorena','03192003','14','F','031903LOR*MUNO'),('032105ZOI*FR','PVLB','Frost, Zoie','03212005','12','F','032105ZOI*FROS'),('032110CARAKL','PVPLT','Klein, Carolina A','03212010','7','F','032110CARAKLEI'),('032111DEGNRA','PVFH','Ray, Deglan N','03212011','6','M','032111DEGNRAY*'),('032200EMI*FL','PVPLT','Flynn, Emily M','03222000','17','F','032200EMI*FLYN'),('032208ANT*UR','PVJC','Uruburo, Antonio','03222008','9','M','032208ANT*URUB'),('032303PAOMMA','PVLB','Mayorga, Paola M','03232003','14','F','032303PAOMMAYO'),('032505YEN*TR','PVPLT','Truong, yen','03252005','12','M','032505YEN*TRUO'),('032508STE*SH','PVWLP','Shifman, Stephanie','03252008','9','F','032508STE*SHIF'),('032601CARMKI','PVFH','King, Caroline M','03262001','16','F','032601CARMKING'),('032707JOH*CA','PVJC','Castle, John','03272007','10','M','032707JOH*CAST'),('032708KYR*MC','PVJC','McGinn, Kyra','03272008','9','F','032708KYR*MCGI'),('032800DAVACA','PVFH','Caceres, David A','03282000','17','M','032800DAVACACE'),('032906PETWSO','PVFH','Solovieff, Peter W','03292006','11','M','032906PETWSOLO'),('032906WILDJA','PVFH','Jauquet, William D','03292006','11','M','032906WILDJAUQ'),('040103ANG*NA','PVPLT','Navaleza, Angelo','04012003','14','M','040103ANG*NAVA'),('040207HAN*DO','PVPLT','Douglas, Hannah L','04022007','10','F','040207HAN*DOUG'),('040400KAT*AV','PVPLT','Avon, Katelyn','04042000','17','F','040400KAT*AVON'),('040509EVAWWU','PVWLP','Wu, Eva','04052009','8','F','040509EVAWWU**'),('040605ZACCHA','PVFM','Haledjian, Zachary C','04062005','12','M','040605ZACCHALE'),('040801BRI*DE','PVPLT','Devan, Brianna','04082001','16','F','040801BRI*DEVA'),('040899JULMCA','PVFM','Carpenter, Juliet M','04081999','18','F','040899JULMCARP'),('040909BRA*WO','PVJC','Wood, Braelyn','04092009','8','F','040909BRA*WOOD'),('041210ELLCCE','PVPLT','Celada, Ella C','04122010','7','F','041210ELLCCELA'),('041509SID*SH','PVFM','Shetty, Siddarth','04152009','8','M','041509SID*SHET'),('041511JAD*TR','PVFH','Trinkl, Jadon','04152011','6','M','041511JAD*TRIN'),('041707ANNKSU','PVWLP','Sun, Annie','04172007','10','F','041707ANNKSUN*'),('041810DIM*RE','PVJC','Rementelas, Dimitrios','04182010','7','M','041810DIM*REME'),('041810IOA*RE','PVJC','Rementelas, Ioannis','04182010','7','M','041810IOA*REME'),('041905CLA*VA','PVPLT','Van Hoven, Clare','04192005','12','F','041905CLA*VANH'),('041909SUR*ZH','PVWLP','Zhang, Surie','04192009','8','F','041909SUR*ZHAN'),('042104NIC*BA','PVLB','Banks, Nicholas','04212004','13','M','042104NIC*BANK'),('042106LANJHE','PVFH','Helton, Lana J','04212006','11','F','042106LANJHELT'),('042208TOM*SP','PVLB','Sparshott, Tom','04222008','9','M','042208TOM*SPAR'),('042302NIC*SA','PVPLT','Santorelli, Nicholas J','04232002','15','M','042302NIC*SANT'),('042303JUSJGO','PVFH','Goggin, Justin J','04232003','14','M','042303JUSJGOGG'),('042310ALIRRE','PVLB','Reyes Garcia, Alicia R','04232010','7','F','042310ALIRREYE'),('042401MAY*WI','PVJC','Wilson, Maya','04242001','16','F','042401MAY*WILS'),('042705GEO*OH','PVJC','O\'Hare, George','04272005','12','M','042705GEO*OHAR'),('042808SHR*GH','PVFH','Ghosh, Shreyas','04282008','9','M','042808SHR*GHOS'),('042811LAU*YO','PVLB','Young, Lauren','04282011','6','F','042811LAU*YOUN'),('043006CAI*KI','PVFM','Kim, Caitlin','04302006','11','F','043006CAI*KIM*'),('043007RYA*PA','PVFH','Parmhans, Ryan','04302007','10','M','043007RYA*PARM'),('043009MAR*LY','PVJC','Lyons, Marissa','04302009','8','F','043009MAR*LYON'),('050107SOFASA','PVLB','Salemi, Sofia A','05012007','10','F','050107SOFASALE'),('050204ROBKCA','PVFM','Carpenter, Rob K','05022004','13','M','050204ROBKCARP'),('050211SOF*TR','PVFM','Trubiano, Sofia','05022011','6','F','050211SOF*TRUB'),('050603MAT*TO','PVPLT','Tomlinson, Matthew','05062003','14','M','050603MAT*TOML'),('050808CHR*BO','PVFM','Borno, Christian','05082008','9','M','050808CHR*BORN'),('050903COL*BO','PVPLT','Bohs, Colin M','05092003','14','M','050903COL*BOHS'),('051104DIA*AN','PVLB','Andrade, Diana','05112004','13','F','051104DIA*ANDR'),('051310LOR*FL','PVLB','Flores, Lorenzo','05132010','7','M','051310LOR*FLOR'),('051507SYD*DI','PVJC','Dickey, Sydney','05152007','10','F','051507SYD*DICK'),('051509JOCNCA','PVFH','Campos, Joceline N','05152009','8','F','051509JOCNCAMP'),('051606LOG*WA','PVJC','Watkins, Logan','05162006','11','M','051606LOG*WATK'),('051608CAT*YA','PVWLP','Yang, Catherine','05162008','9','F','051608CAT*YANG'),('051803RUN*CU','PVWLP','Cui, Runzhe','05182003','14','M','051803RUN*CUI*'),('051805KALABR','PVLB','Bryant, Kaleb A','05182005','12','M','051805KALABRYA'),('051907EMM*ST','PVJC','Stewart, Emma','05192007','10','F','051907EMM*STEW'),('051907SOP*FL','PVLB','Flores, Sophia','05192007','10','F','051907SOP*FLOR'),('052101ZEEMAN','PVFH','Anam, Zeeshan M','05212001','16','M','052101ZEEMANAM'),('052206ABIYSI','PVJC','Sium, Abigail Y','05222006','11','F','052206ABIYSIUM'),('052401JUL*MA','PVJC','Mavrikes, Julia','05242001','16','F','052401JUL*MAVR'),('052403REDAMI','PVLB','Minalu, Rediat A','05242003','14','F','052403REDAMINA'),('052405MEL*KA','PVLB','Kalayoglu, Melisa','05242005','12','F','052405MEL*KALA'),('052412HAN*HU','PVWLP','Huang, Hannah','05242012','5','F','052412HAN*HUAN'),('052599SAM*BR','PVFM','Browning, Samuel','05251999','18','M','052599SAM*BROW'),('052708ERO*KA','PVLB','Kalayoglu, Erol','05272008','9','M','052708ERO*KALA'),('052801IRE*NA','PVPLT','Navaleza, Irene','05282001','16','F','052801IRE*NAVA'),('052808KYL*LI','PVFM','Li, Kyle','05282008','9','M','052808KYL*LI**'),('052905AMA*MI','PVJC','Mills, Amarah','05292005','12','F','052905AMA*MILL'),('052908CRI*GA','PVJC','Garcia, Cristian','05292008','9','M','052908CRI*GARC'),('053006ALEJGR','PVJC','Graham, Alex J','05302006','11','M','053006ALEJGRAH'),('053007CAL*HU','PVPLT','Hughes, Callum','05302007','10','M','053007CAL*HUGH'),('053100CAR*DU','PVJC','Dunn, Caroline','05312000','17','F','053100CAR*DUNN'),('053110ISA*ST','PVJC','Stewart, Isabella','05312010','7','F','053110ISA*STEW'),('060110AVN*GI','PVLB','Giebel, Avni','06012010','7','F','060110AVN*GIEB'),('060204ABI*BE','PVFH','Behailu, Abigail','06022004','12','F','060204ABI*BEHA'),('060208NATRFL','PVPLT','Flynn, Natalie R','06022008','8','F','060208NATRFLYN'),('060403LAUJSE','PVFM','See, Laura J','06042003','13','F','060403LAUJSEE*'),('060505GARQHE','PVFM','Heitz, Garrick Q','06052005','11','M','060505GARQHEIT'),('060606NAO*ES','PVFM','Esterowitz, Naomi','06062006','10','F','060606NAO*ESTE'),('060707CHA*RO','PVJC','Rosado, Charlotte','06072007','9','F','060707CHA*ROSA'),('061205XUNYLO','PVLB','Lopez, Xunashy Y','06122005','11','F','061205XUNYLOPE'),('061306JUL*LI','PVWLP','Lian, Julia','06132006','10','F','061306JUL*LIAN'),('061405JOR*LY','PVPLT','Lynch, Jordan A','06142005','11','F','061405JOR*LYNC'),('061405SIE*LY','PVPLT','Lynch, Sierra M','06142005','11','F','061405SIE*LYNC'),('061504NEL*LE','PVJC','Lee, Nelson','06152004','12','M','061504NEL*LEE*'),('061509JEH*TR','PVFH','Trinkl, Jehu','06152009','7','M','061509JEH*TRIN'),('061602NICABA','PVFH','Badobre, Nicole-Chelsea A','06162002','14','F','061602NICABADO'),('061805AVE*WA','PVJC','Wang, Avery','06182005','12','F','061805AVE*WANG'),('061806SAM*BA','PVPLT','Bakayoko, Samirah','06182006','10','F','061806SAM*BAKA'),('061807ABH*DH','PVFH','Dhaubhadel, Abhi','06182007','9','M','061807ABH*DHAU'),('062003IVADSO','PVFH','Solovieff, Ivan D','06202003','13','M','062003IVADSOLO'),('062005AURRCH','PVFH','Chapple, Aurora R','06202005','11','F','062005AURRCHAP'),('062007ANY*TO','PVFM','Tobler, Anya','06202007','9','F','062007ANY*TOBL'),('062207PATBOR','PVLB','Orellana, Patrick B','06222007','9','M','062207PATBOREL'),('062306ABHMGA','PVWLP','Garg, Abhinav M','06232006','10','M','062306ABHMGARG'),('062406TIM*TO','PVPLT','Tomlinson, Timmy','06242006','10','M','062406TIM*TOML'),('062606KEELGR','PVPLT','Gregory, Keegan L','06262006','10','M','062606KEELGREG'),('062808ALE*WA','PVJC','Walters, Alexa','06282008','8','F','062808ALE*WALT'),('063005OCETBA','PVFH','Badobre, Oceanie T','06302005','11','F','063005OCETBADO'),('070106DAV*KA','PVJC','Kavtaradze, David','07012006','10','M','070106DAV*KAVT'),('070207EMR*WR','PVFM','Wright, Emre','07022007','9','M','070207EMR*WRIG'),('070308JAE*FA','PVLB','Faye, Jaelyn','07032008','8','F','070308JAE*FAYE'),('070505JONSMC','PVLB','McDonald, Jonah S','07052005','11','M','070505JONSMCDO'),('070709TYL*BO','PVJC','Boone, Tyler','07072009','7','M','070709TYL*BOON'),('070899ILCPHE','PVLB','Hernandez, Ilcia P','07081999','17','F','070899ILCPHERN'),('070908SYDLVA','PVPLT','Vaughn, Sydney L','07092008','8','F','070908SYDLVAUG'),('071003MAD*KE','PVJC','Keefe, Madison','07102003','13','F','071003MAD*KEEF'),('071107ANI*MA','PVJC','Ma, Anita','07112007','9','F','071107ANI*MA**'),('071108JAD*GR','PVJC','Graham, Jaden','07112008','8','M','071108JAD*GRAH'),('071399BENJFE','PVFM','Fellman, Benjamin J','07131999','17','M','071399BENJFELL'),('071511ALE*BA','PVJC','Babcock, Alexandra','07152011','5','F','071511ALE*BABC'),('071705ADR*UR','PVJC','Uruburo, Adriana','07172005','11','F','071705ADR*URUB'),('071804ARI*JO','PVLB','Joshi, Ariel','07182004','12','M','071804ARI*JOSH'),('071905PAILSM','PVPLT','Smith, Paige L','07192005','11','F','071905PAILSMIT'),('072003JOS*NE','PVPLT','Nelson, Joshua','07202003','13','M','072003JOS*NELS'),('072100GABRAN','PVLB','Anderson, Gabriela R','07212000','16','F','072100GABRANDE'),('072204CLA*LE','PVLB','Leavit-Majors, Claudia','07222004','12','F','072204CLA*LEAV'),('072205ANN*GU','PVWLP','Gu, Anna','07222005','11','F','072205ANN*GU**'),('072205MEG*GU','PVWLP','Gu, Megan','07222005','11','F','072205MEG*GU**'),('072209PET*ZH','PVFH','Zhao, Peter','07222009','7','M','072209PET*ZHAO'),('072211KATIRE','PVWLP','Reich, Katherine I','07222011','5','F','072211KATIREIC'),('072409BENHRE','PVWLP','Reich, Benjamin H','07242009','7','M','072409BENHREIC'),('072700CHRMJO','PVPLT','Johnson, Christine M','07272000','16','F','072700CHRMJOHN'),('072702AVA*ZH','PVWLP','Zhang, Ava','07272002','14','F','072702AVA*ZHAN'),('072706SOP*ES','PVFH','Escobar, Sophy','07272006','10','F','072706SOP*ESCO'),('072908OLI*WA','PVJC','Wang, Oliver','07292008','8','M','072908OLI*WANG'),('073005EMIECA','PVLB','Cardona, Emily E','07302005','11','F','073005EMIECARD'),('073005LEE*CH','PVFH','Chandran, Leela','07302005','11','F','073005LEE*CHAN'),('073007MILJHI','PVLB','Hill, Miles J','07302007','9','M','073007MILJHILL'),('073102BRE*HO','PVJC','Howard, Brennan','07312002','14','F','073102BRE*HOWA'),('080105SHO*LE','PVLB','Leavit-Majors, Shoshana','08012005','11','F','080105SHO*LEAV'),('080201MAX*CO','PVLB','Cottrell, Max','08022001','15','M','080201MAX*COTT'),('080204OLIKFI','PVPLT','Fink, Olivia K','08022004','12','F','080204OLIKFINK'),('080308AND*CH','PVWLP','Chen, Andrea','08032008','8','F','080308AND*CHEN'),('080508NOA*DE','PVPLT','DeYulia, Noah','08052008','8','M','080508NOA*DEYU'),('080609AAR*OR','PVLB','Orellana, Aaron','08062009','7','M','080609AAR*OREL'),('080703MARECA','PVFH','Carmona, Marisol E','08072003','13','F','080703MARECARM'),('080806JAN*LE','PVPLT','Lee, Janelle G','08082006','10','F','080806JAN*LEE*'),('080808MIC*LI','PVWLP','Liu, Michelle','08082008','8','F','080808MIC*LIU*'),('080907OLISRE','PVFM','Resnick, Olivia S','08092007','9','F','080907OLISRESN'),('081004VANKGA','PVWLP','Garg, Vanshika K','08102004','12','F','081004VANKGARG'),('081005ANTJSA','PVLB','Salemi, Anthony J','08102005','11','M','081005ANTJSALE'),('081109JUSCJI','PVWLP','Jiang, Justin','08112009','7','M','081109JUSCJIAN'),('081207COLPKN','PVJC','Knight, Colson P','08122007','9','M','081207COLPKNIG'),('081207JAYEKN','PVJC','Knight, Jayna E','08122007','9','F','081207JAYEKNIG'),('081405THE*MA','PVJC','Mavrikes, Theo','08142005','11','M','081405THE*MAVR'),('081806EMAPJA','PVFH','Jaramillo, Emalie P','08182006','10','F','081806EMAPJARA'),('081810FER*MO','PVLB','Moreno, Fernando','08182010','6','M','081810FER*MORE'),('081906AMYTSA','PVLB','Santizo, Amy T','08192006','10','F','081906AMYTSANT'),('082302RYA*CH','PVWLP','Chen, Ryan','08232002','14','M','082302RYA*CHEN'),('082405GRAERI','PVPLT','Ricchini, Grace E','08242005','11','F','082405GRAERICC'),('082500CONPMA','PVLB','Martin, Connor P','08252000','16','M','082500CONPMART'),('082508AIDESO','PVWLP','Song, Aidan','08252008','8','M','082508AIDESONG'),('082904BELVGE','PVFH','Gershevich, Bella V','08292004','12','F','082904BELVGERS'),('083105JOSELO','PVFH','Lopez, Joshua E','08312005','11','M','083105JOSELOPE'),('090105MIK*SE','PVLB','Seiken, Mikhail','09012005','11','M','090105MIK*SEIK'),('090106EMIKTE','PVFM','Teague, Emily K','09012006','10','F','090106EMIKTEAG'),('090107BRYGRO','PVFM','Roemer, Brynn G','09012007','9','F','090107BRYGROEM'),('090308CAT*BU','PVFM','Bucsa, Catherine','09032008','8','F','090308CAT*BUCS'),('090408ROHPGA','PVWLP','Garg, Rohin P','09042008','8','M','090408ROHPGARG'),('090409KAL*BA','PVLB','Banks, Kalyani','09042009','7','F','090409KAL*BANK'),('090503ALARGE','PVFH','Gemma, Alana R','09052003','13','F','090503ALARGEMM'),('090508ERI*CH','PVWLP','Chen, Eric','09052008','8','M','090508ERI*CHEN'),('090707JAC*FE','PVJC','Feghali, Jacob','09072007','9','M','090707JAC*FEGH'),('090707JAC*WO','PVJC','Wood, Jackson','09072007','9','M','090707JAC*WOOD'),('090800KAY*BO','PVPLT','Bohs, Kayleigh A','09082000','16','F','090800KAY*BOHS'),('090902SAR*KE','PVPLT','Kelly, Sarah','09092002','14','F','090902SAR*KELL'),('091008MAL*DU','PVJC','Duffy, Malayna','09102008','8','F','091008MAL*DUFF'),('091008MAN*TA','PVFH','Taheri, Mansoor','09102008','8','M','091008MAN*TAHE'),('091009SAM*RO','PVFM','Roemer, Samantha','09102009','7','F','091009SAM*ROEM'),('091106DIEFRA','PVFH','Ramirez, Diego F','09112006','10','M','091106DIEFRAMI'),('091107CYR*SA','PVFM','Sari, Cyrus','09112007','9','M','091107CYR*SARI'),('091303ELL*ST','PVPLT','Stroot, Ella M','09132003','13','F','091303ELL*STRO'),('091409FINSSM','PVPLT','Smith, Finn S','09142009','7','M','091409FINSSMIT'),('091603JEAMKI','PVWLP','Kim, Jeanne M','09162003','13','F','091603JEAMKIM*'),('091604EVA*CH','PVWLP','Chen, Evan','09162004','12','M','091604EVA*CHEN'),('091607RYA*YO','PVJC','Yoshitomi, Ryan J','09162007','9','M','091607RYA*YOSH'),('091707SOPMLI','PVWLP','Li, Sophia M','09172007','9','F','091707SOPMLI**'),('091709GEN*CH','PVLB','Chacon, Genesis','09172009','7','F','091709GEN*CHAC'),('092108ISA*TR','PVFM','Trubiano, Isabella','09212008','8','F','092108ISA*TRUB'),('092109SEB*GA','PVJC','Garcia, Sebastian','09212009','7','M','092109SEB*GARC'),('092202ESH*LU','PVFM','Luthra, Eshaan','09222002','14','M','092202ESH*LUTH'),('092309DEC*HU','PVPLT','Hughes, Decklin','09232009','7','M','092309DEC*HUGH'),('092401SKYCBL','PVLB','Bloomer, Sky C','09242001','15','F','092401SKYCBLOO'),('092702NIC*VA','PVPLT','Van Hoven, Nicholas','09272002','14','M','092702NIC*VANH'),('092705OTT*VA','PVLB','Vanskike, Otto','09272005','11','M','092705OTT*VANS'),('092798SAYHVA','PVFH','Vaules, Sayaka H','09271998','18','F','092798SAYHVAUL'),('093009RYLJWI','PVPLT','Wilberding, Rylee J','09302009','7','F','093009RYLJWILB'),('100107KAI*GR','PVJC','Grenier, Kaili','10012007','9','F','100107KAI*GREN'),('100199RAGLFE','PVFM','Fewell, Ragan L','10011999','17','F','100199RAGLFEWE'),('100308ALA*GL','PVJC','Glaser, Alanna','10032008','8','F','100308ALA*GLAS'),('100404MEL*CO','PVJC','Cort, Melanie','10042004','12','F','100404MEL*CORT'),('100405ZANAGH','PVWLP','Ghalib, Zane A','10042005','11','M','100405ZANAGHAL'),('100603MIL*SA','PVLB','Sarpal, Milo','10062003','13','M','100603MIL*SARP'),('100906JOS*KE','PVJC','Keefe, Joseph','10092006','10','M','100906JOS*KEEF'),('100909CHA*TE','PVFM','Teague, Chape','10092009','7','M','100909CHA*TEAG'),('101000LEXGZI','PVFM','Zinselmeier, Alexis G','10102000','16','F','101000LEXGZINS'),('101002MER*HE','PVFM','Heitz, Merril','10102002','14','F','101002MER*HEIT'),('101204ELI*FU','PVJC','Furgione, Elizabeth','10122004','12','F','101204ELI*FURG'),('101204ETH*FU','PVJC','Furgione, Ethan','10122004','12','M','101204ETH*FURG'),('101206BRADKH','PVPLT','Khouri, Brandon D','10122006','10','M','101206BRADKHOU'),('101210MAZ*MI','PVJC','Mills, Maziah','10122010','6','F','101210MAZ*MILL'),('101410KALAMI','PVLB','Minalu, Kalkidan A','10142010','6','F','101410KALAMINA'),('101504MARCPA','PVFH','Page, Marcus C','10152004','12','M','101504MARCPAGE'),('101505JIRPKI','PVWLP','Kim, Jireh P','10152005','11','F','101505JIRPKIM*'),('101508DYL*NO','PVJC','Norkiewicz, Dylan','10152008','8','M','101508DYL*NORK'),('101508DYLANO','PVJC','Norkiewicz, Dylan A','10152008','8','M','101508DYLANORK'),('101604MADRKH','PVPLT','Khouri, Madeleine R','10162004','12','F','101604MADRKHOU'),('101807LINLYO','PVLB','Young, Lindsay L','10182007','9','F','101807LINLYOUN'),('101810ALE*RE','PVFM','Reznik, Alexis','10182010','6','F','101810ALE*REZN'),('102003CAR*LE','PVPLT','Lee, Carolyn Q','10202003','13','F','102003CAR*LEE*'),('102202ETHDPH','PVLB','Phan, Ethan D','10222002','14','M','102202ETHDPHAN'),('102208LILTJA','PVFH','Jauquet, Lillian T','10222008','8','F','102208LILTJAUQ'),('102208LOR*RI','PVFM','Ribulotta, Lorenzo','10222008','8','M','102208LOR*RIBU'),('102298AND*DU','PVJC','Dunn, Andrew','10221998','18','M','102298AND*DUNN'),('102302VAN*HU','PVLB','Huarca, Vannya','10232002','14','F','102302VAN*HUAR'),('102307CAR*KI','PVFM','Kim, Cara','10232007','9','F','102307CAR*KIM*'),('102308CHAZSC','PVPLT','Scace, Charles Z','10232008','8','M','102308CHAZSCAC'),('102400GRACHE','PVFM','Henschel, Grace C','10242000','16','F','102400GRACHENS'),('102404JAC*DE','PVPLT','Devan, Jack','10242004','12','M','102404JAC*DEVA'),('102604AMEMMA','PVLB','Martin, Amelia M','10262004','12','F','102604AMEMMART'),('102607HON*TR','PVFH','Trinkl, Honna','10262007','9','F','102607HON*TRIN'),('102799COL*DO','PVPLT','Douglas, Collin R','10271999','17','M','102799COL*DOUG'),('102802CHRMFE','PVFH','Ferentinos, Christopher M','10282002','14','M','102802CHRMFERE'),('102902EDSEOR','PVLB','Orellana, Edson E','10292002','14','M','102902EDSEOREL'),('103002MAT*HO','PVWLP','Hou, Matthew','10302002','14','M','103002MAT*HOU*'),('103102ELL*ES','PVFM','Esterowitz, Ellie','10312002','14','F','103102ELL*ESTE'),('110100MATSKE','PVFM','Kelly, Matthew S','11012000','16','M','110100MATSKELL'),('110108KYLJSI','PVJC','Silberman, Kyle J','11012008','8','M','110108KYLJSILB'),('110305TIA*YA','PVWLP','Yang, Tianlai','11032005','11','F','110305TIA*YANG'),('110308CLASKH','PVPLT','Khouri, Claire S','11032008','8','F','110308CLASKHOU'),('110309MAD*RO','PVJC','Rosado, Madeline','11032009','7','F','110309MAD*ROSA'),('110402MIKBFE','PVFM','Fellman, Mikey B','11042002','14','M','110402MIKBFELL'),('110410ALERBA','PVFH','Barros, Alexa R','11042010','6','F','110410ALERBARR'),('110503SHA*PA','PVFH','Parmhans, Shawn','11052003','13','M','110503SHA*PARM'),('110508ANDLPA','PVFH','Patino, Andrea L','11052008','8','F','110508ANDLPATI'),('110508DEN*WR','PVFM','Wright, Deniz','11052008','8','M','110508DEN*WRIG'),('110699COD*MO','PVPLT','Mog, Cody C','11061999','17','M','110699COD*MOG*'),('110700CHL*OS','PVJC','Oser, Chloe','11072000','16','F','110700CHL*OSER'),('110702BRA*NO','PVJC','Northern, Brandon','11072002','14','M','110702BRA*NORT'),('110703OON*GI','PVLB','Giebel, Oona','11072003','13','F','110703OON*GIEB'),('110802ALE*BR','PVFH','Brien, Alejandro','11082002','14','M','110802ALE*BRIE'),('110802BRIAHE','PVFH','Helton, Brian A','11082002','14','M','110802BRIAHELT'),('110805JOSDSP','PVLB','Sparshott, Joseph D','11082005','11','M','110805JOSDSPAR'),('110907ELE*MO','PVJC','Morell, Elena','11092007','9','F','110907ELE*MORE'),('111000JUS*WO','PVJC','Wong, Justin','11102000','16','M','111000JUS*WONG'),('111000JUSLWO','PVJC','Wong, Justin L','11102000','16','M','111000JUSLWONG'),('111104SAM*DI','PVJC','Dickey, Sam','11112004','12','M','111104SAM*DICK'),('111207KHA*TR','PVPLT','Truong, Khai','11122007','9','M','111207KHA*TRUO'),('111307CULARA','PVFH','Ray, Cullum A','11132007','9','M','111307CULARAY*'),('111402EMM*BA','PVJC','Babcock, Emma','11142002','14','F','111402EMM*BABC'),('111407ALEPBA','PVWLP','Bargman, Aleksander P','11142007','9','M','111407ALEPBARG'),('111507ERI*SH','PVWLP','Shi, Eric','11152007','9','M','111507ERI*SHI*'),('111706YASGMA','PVWLP','Maniar, Yash G','11172006','10','M','111706YASGMANI'),('111905LORLSO','PVLB','Sosa, Lorena L','11192005','11','F','111905LORLSOSA'),('111999SHE*BH','PVWLP','Bhanot, Shelly','11191999','17','F','111999SHE*BHAN'),('112100AKH*GU','PVFH','Gupta, Akhil','11212000','16','M','112100AKH*GUPT'),('112106DAVISE','PVFM','See, David I','11212006','10','M','112106DAVISEE*'),('112700NATWES','PVFH','Eshbaugh, Nathaniel W','11272000','16','M','112700NATWESHB'),('112704SEA*DO','PVPLT','Douglas, Sean W','11262004','12','M','112704SEA*DOUG'),('112900RICACA','PVFH','Carmona, Ricardo A','11292000','16','M','112900RICACARM'),('113005BENRWA','PVFM','Wang, Benjamin R','11302005','11','M','113005BENRWANG'),('120104KRI*SU','PVFH','Sunwar, Kristi','12012004','12','F','120104KRI*SUNW'),('120104SHR*SU','PVFH','Sunwar, Shristi','12012004','12','F','120104SHR*SUNW'),('120206AND*KL','PVPLT','Klein, Andrew A','12022006','10','M','120206AND*KLEI'),('120305FRASSO','PVLB','Sosa Barrios, Francarlo S','12032005','11','M','120305FRASSOSA'),('120410RYA*HU','PVWLP','Huang, Ryan','12042010','6','M','120410RYA*HUAN'),('120503NIC*SZ','PVFM','Szabo, Nicole','12052003','13','F','120503NIC*SZAB'),('120504SARANA','PVFM','Nanos, Sarah A','12052004','12','F','120504SARANANO'),('120599EVECBL','PVLB','Bloomer, Everest C','12051999','17','M','120599EVECBLOO'),('120600JUL*TO','PVPLT','Tomlinson, Julia','12062000','16','F','120600JUL*TOML'),('120604JUN*DO','PVJC','Dorsam, June','12062004','12','F','120604JUN*DORS'),('120810PET*BU','PVFM','Bucsa, Peter','12082010','6','M','120810PET*BUCS'),('121106JUL*DU','PVJC','Duffy, Juliana','12112006','10','F','121106JUL*DUFF'),('121208LAU*TU','PVLB','Turner, Lauren','12122008','8','F','121208LAU*TURN'),('121308MAY*DO','PVJC','Dorsam, Maya','12132008','8','F','121308MAY*DORS'),('121310DAN*MU','PVFM','Mulla, Daniel','12132010','6','M','121310DAN*MULL'),('121404AIDRGR','PVPLT','Graves, Aiden R','12142004','12','M','121404AIDRGRAV'),('121406JASSCA','PVFH','Campos, Jasmin S','12142006','10','F','121406JASSCAMP'),('121507FRA*CO','PVLB','Cox, Frances','12152007','9','F','121507FRA*COX*'),('121602MAA*GU','PVFH','Gupta, Maansi','12162002','14','F','121602MAA*GUPT'),('121603JUSRWA','PVFM','Wang, Justin R','12162003','13','M','121603JUSRWANG'),('121608LANIGR','PVPLT','Graves, Landen I','12162008','8','M','121608LANIGRAV'),('121609MAT*HA','PVLB','Haris, Matthew','12162009','7','M','121609MAT*HARI'),('121704BENHRO','PVFH','Rosenberg, Benny H','12172004','12','M','121704BENHROSE'),('121806ELITGR','PVFM','Griffin, Elizabeth T','12182006','10','F','121806ELITGRIF'),('122002EUGEAY','PVLB','Ayuk, Eugenio E','12202002','14','M','122002EUGEAYUK'),('122003LUCMFA','PVPLT','Farina, Lucas M','12202003','13','M','122003LUCMFARI'),('122007ZOIEGR','PVPLT','Gregory, Zoie E','12202007','9','F','122007ZOIEGREG'),('122008TAYJOL','PVLB','Oliva-Cardona, Tayro Jair J','12202008','8','M','122008TAYJOLIV'),('122204FEL*LE','PVFM','Lemgruber, Felipe','12222004','12','M','122204FEL*LEMG'),('122404SOP*ZH','PVWLP','Zhang, Sophie','12242004','12','F','122404SOP*ZHAN'),('122705ELIAMA','PVFM','Martin, Elizabeth A','12272005','11','F','122705ELIAMART'),('122706MICDSI','PVJC','Silberman, Michael D','12272006','10','M','122706MICDSILB'),('122706SAMEZI','PVFM','Zinselmeier, Sam E','12272006','10','M','122706SAMEZINS'),('123002BRO*DO','PVPLT','Douglas, Brodie J','12302002','14','M','123002BRO*DOUG'),('123102PEYEMA','PVLB','Martin, Peyton E','12312002','14','F','123102PEYEMART'),('123105YUA*CU','PVWLP','Cui, Yuanzhe','12312005','11','M','123105YUA*CUI*');
/*!40000 ALTER TABLE `swimmers` ENABLE KEYS */;
UNLOCK TABLES;

--
-- Table structure for table `teams`
--

DROP TABLE IF EXISTS `teams`;
/*!40101 SET @saved_cs_client     = @@character_set_client */;
/*!40101 SET character_set_client = utf8 */;
CREATE TABLE `teams` (
  `code` varchar(6) NOT NULL,
  `team_name` varchar(30) NOT NULL,
  `addr1` varchar(22) DEFAULT NULL,
  `addr2` varchar(22) DEFAULT NULL,
  `city` varchar(20) DEFAULT NULL,
  `state` varchar(2) DEFAULT NULL,
  `zip_code` varchar(10) DEFAULT NULL,
  PRIMARY KEY (`code`)
) ENGINE=InnoDB DEFAULT CHARSET=latin1;
/*!40101 SET character_set_client = @saved_cs_client */;

--
-- Dumping data for table `teams`
--

LOCK TABLES `teams` WRITE;
/*!40000 ALTER TABLE `teams` DISABLE KEYS */;
INSERT INTO `teams` VALUES ('PVFH','Flower Hill Dolphins','Flower Hill Swim Team','8100 Mountain Laurel L','Gaithersburg, MD','MD','20879'),('PVFM','Fallsmead','Fallsmead','','','MD',''),('PVJC','James Creek Swim Team','2800 Lindenwood Road','','Olney','MD','20832'),('PVLB','Long Branch Water Wizards','Long Branch','8700 Piney Branch Road','Silver Spring','MD','20912'),('PVPLT','Plantations Piranhas','24029 Pecan Grove Lane','','Gaithersburg','MD',''),('PVWLP','Willows of Potomac','PO Box 39','','Germantown','MD','');
/*!40000 ALTER TABLE `teams` ENABLE KEYS */;
UNLOCK TABLES;

--
-- Final view structure for view `div_eligible`
--

/*!50001 DROP VIEW IF EXISTS `div_eligible`*/;
/*!50001 SET @saved_cs_client          = @@character_set_client */;
/*!50001 SET @saved_cs_results         = @@character_set_results */;
/*!50001 SET @saved_col_connection     = @@collation_connection */;
/*!50001 SET character_set_client      = utf8 */;
/*!50001 SET character_set_results     = utf8 */;
/*!50001 SET collation_connection      = utf8_general_ci */;
/*!50001 CREATE ALGORITHM=UNDEFINED */
/*!50013 DEFINER=`divautomation`@`%` SQL SECURITY DEFINER */
/*!50001 VIEW `div_eligible` AS select `individual_results`.`swimmer` AS `swimmer` from `individual_results` union select `r`.`swimmer1` AS `swimmer` from `relay_results` `r` where exists(select 1 from `dual_schedule` `s` where (`s`.`meet` = `r`.`meet`)) union select `r`.`swimmer2` AS `swimmer` from `relay_results` `r` where exists(select 1 from `dual_schedule` `s` where (`s`.`meet` = `r`.`meet`)) union select `r`.`swimmer3` AS `swimmer` from `relay_results` `r` where exists(select 1 from `dual_schedule` `s` where (`s`.`meet` = `r`.`meet`)) union select `r`.`swimmer4` AS `swimmer` from `relay_results` `r` where exists(select 1 from `dual_schedule` `s` where (`s`.`meet` = `r`.`meet`)) */;
/*!50001 SET character_set_client      = @saved_cs_client */;
/*!50001 SET character_set_results     = @saved_cs_results */;
/*!50001 SET collation_connection      = @saved_col_connection */;

--
-- Final view structure for view `div_seed_times`
--

/*!50001 DROP VIEW IF EXISTS `div_seed_times`*/;
/*!50001 SET @saved_cs_client          = @@character_set_client */;
/*!50001 SET @saved_cs_results         = @@character_set_results */;
/*!50001 SET @saved_col_connection     = @@collation_connection */;
/*!50001 SET character_set_client      = utf8 */;
/*!50001 SET character_set_results     = utf8 */;
/*!50001 SET collation_connection      = utf8_general_ci */;
/*!50001 CREATE ALGORITHM=UNDEFINED */
/*!50013 DEFINER=`divautomation`@`%` SQL SECURITY DEFINER */
/*!50001 VIEW `div_seed_times` AS select `s`.`team` AS `team`,`s`.`name` AS `name`,`s`.`gender` AS `gender`,`s`.`age` AS `age`,`st`.`distance` AS `distance`,`st`.`stroke` AS `stroke_code`,`c`.`value` AS `stroke`,`st`.`seed_time` AS `seed_time` from (((`div_eligible` `de` join `swimmers` `s` on((`s`.`USSID` = `de`.`swimmer`))) left join `stroke_seed_times` `st` on((`st`.`swimmer` = `de`.`swimmer`))) left join `stroke_codes` `c` on((`c`.`code` = `st`.`stroke`))) */;
/*!50001 SET character_set_client      = @saved_cs_client */;
/*!50001 SET character_set_results     = @saved_cs_results */;
/*!50001 SET collation_connection      = @saved_col_connection */;

--
-- Final view structure for view `event_seed_times`
--

/*!50001 DROP VIEW IF EXISTS `event_seed_times`*/;
/*!50001 SET @saved_cs_client          = @@character_set_client */;
/*!50001 SET @saved_cs_results         = @@character_set_results */;
/*!50001 SET @saved_col_connection     = @@collation_connection */;
/*!50001 SET character_set_client      = utf8 */;
/*!50001 SET character_set_results     = utf8 */;
/*!50001 SET collation_connection      = utf8_general_ci */;
/*!50001 CREATE ALGORITHM=UNDEFINED */
/*!50013 DEFINER=`divautomation`@`%` SQL SECURITY DEFINER */
/*!50001 VIEW `event_seed_times` AS select `individual_results`.`swimmer` AS `swimmer`,`individual_results`.`event` AS `event`,min(`individual_results`.`time`) AS `seed_time` from `individual_results` group by `individual_results`.`swimmer`,`individual_results`.`event` */;
/*!50001 SET character_set_client      = @saved_cs_client */;
/*!50001 SET character_set_results     = @saved_cs_results */;
/*!50001 SET collation_connection      = @saved_col_connection */;

--
-- Final view structure for view `stroke_codes`
--

/*!50001 DROP VIEW IF EXISTS `stroke_codes`*/;
/*!50001 SET @saved_cs_client          = @@character_set_client */;
/*!50001 SET @saved_cs_results         = @@character_set_results */;
/*!50001 SET @saved_col_connection     = @@collation_connection */;
/*!50001 SET character_set_client      = utf8 */;
/*!50001 SET character_set_results     = utf8 */;
/*!50001 SET collation_connection      = utf8_general_ci */;
/*!50001 CREATE ALGORITHM=UNDEFINED */
/*!50013 DEFINER=`divautomation`@`%` SQL SECURITY DEFINER */
/*!50001 VIEW `stroke_codes` AS select `sdif_codes`.`code` AS `code`,`sdif_codes`.`value` AS `value` from `sdif_codes` where (`sdif_codes`.`block` = 12) */;
/*!50001 SET character_set_client      = @saved_cs_client */;
/*!50001 SET character_set_results     = @saved_cs_results */;
/*!50001 SET collation_connection      = @saved_col_connection */;

--
-- Final view structure for view `stroke_seed_times`
--

/*!50001 DROP VIEW IF EXISTS `stroke_seed_times`*/;
/*!50001 SET @saved_cs_client          = @@character_set_client */;
/*!50001 SET @saved_cs_results         = @@character_set_results */;
/*!50001 SET @saved_col_connection     = @@collation_connection */;
/*!50001 SET character_set_client      = utf8 */;
/*!50001 SET character_set_results     = utf8 */;
/*!50001 SET collation_connection      = utf8_general_ci */;
/*!50001 CREATE ALGORITHM=UNDEFINED */
/*!50013 DEFINER=`divautomation`@`%` SQL SECURITY DEFINER */
/*!50001 VIEW `stroke_seed_times` AS select `st`.`swimmer` AS `swimmer`,`e`.`stroke` AS `stroke`,`e`.`distance` AS `distance`,min(`st`.`seed_time`) AS `seed_time` from (`event_seed_times` `st` join `events` `e`) where ((`e`.`meet_type` = 'dual') and (`e`.`number` = `st`.`event`)) group by `st`.`swimmer`,`e`.`stroke`,`e`.`distance` order by `st`.`swimmer`,`e`.`stroke`,`e`.`distance` */;
/*!50001 SET character_set_client      = @saved_cs_client */;
/*!50001 SET character_set_results     = @saved_cs_results */;
/*!50001 SET collation_connection      = @saved_col_connection */;
/*!40103 SET TIME_ZONE=@OLD_TIME_ZONE */;

/*!40101 SET SQL_MODE=@OLD_SQL_MODE */;
/*!40014 SET FOREIGN_KEY_CHECKS=@OLD_FOREIGN_KEY_CHECKS */;
/*!40014 SET UNIQUE_CHECKS=@OLD_UNIQUE_CHECKS */;
/*!40101 SET CHARACTER_SET_CLIENT=@OLD_CHARACTER_SET_CLIENT */;
/*!40101 SET CHARACTER_SET_RESULTS=@OLD_CHARACTER_SET_RESULTS */;
/*!40101 SET COLLATION_CONNECTION=@OLD_COLLATION_CONNECTION */;
/*!40111 SET SQL_NOTES=@OLD_SQL_NOTES */;

-- Dump completed on 2017-07-12  0:35:17
